Date,Exercise,Muscle Group,Sets,Reps,Weight,Duration,Note
01/01/2022,,#N/A,,,,,Old record
02/01/2022,,#N/A,,,,,Old record
03/01/2022,,#N/A,,,,,Old record
04/04/2022,Dumbbell Flat Bench Press,Chest,1,10,30,,
04/04/2022,Dumbbell Flat Bench Press,Chest,2,10,30,,
04/04/2022,Dumbbell Flat Bench Press,Chest,3,10,40,,
04/04/2022,Dumbbell Flat Bench Press,Chest,4,6,50,,
04/04/2022,Dumbbell Flat Bench Press,Chest,5,10,50,,
04/04/2022,Dumbbell Flat Bench Press,Chest,6,8,40,,
04/04/2022,Dumbbell Incline Bench Press,Chest,1,10,40,,
04/04/2022,Dumbbell Incline Bench Press,Chest,2,10,40,,
04/04/2022,Dumbbell Incline Bench Press,Chest,3,5,50,,
04/04/2022,Dumbbell Incline Bench Press,Chest,3,5,40,,
04/04/2022,Dumbbell Incline Bench Press,Chest,4,5,50,,
04/04/2022,Dumbbell Incline Bench Press,Chest,4,5,40,,
04/04/2022,Dumbbell Seated Shoulder Press,Shoulders,1,10,40,,
04/04/2022,Dumbbell Seated Shoulder Press,Shoulders,2,10,40,,
04/04/2022,Dumbbell Seated Shoulder Press,Shoulders,3,10,40,,
04/04/2022,Dumbbell Side Lateral Raise,Shoulders,1,15,10,,
04/04/2022,Dumbbell Side Lateral Raise,Shoulders,2,15,10,,
04/04/2022,Dumbbell Side Lateral Raise,Shoulders,3,15,10,,
04/04/2022,Dumbbell Front Raise,Shoulders,1,10,10,,
04/04/2022,Dumbbell Front Raise,Shoulders,2,12,10,,
04/04/2022,Dumbbell Front Raise,Shoulders,3,12,10,,
04/04/2022,Dumbbell Overhead Triceps Extension,Triceps,1,12,30,,
04/04/2022,Dumbbell Overhead Triceps Extension,Triceps,2,15,30,,
04/04/2022,Dumbbell Overhead Triceps Extension,Triceps,3,15,30,,
04/04/2022,Machine Butterfly,Chest,1,10,60,,
04/04/2022,Machine Butterfly,Chest,2,10,70,,
04/04/2022,Machine Butterfly,Chest,3,5,60,,
04/05/2022,,#N/A,,,,,went forgot to record
04/06/2022,Ez Barbell Regular-Grip Biceps Curl,Biceps,1,10,40,,
04/06/2022,Ez Barbell Regular-Grip Biceps Curl,Biceps,2,8,40,,
04/06/2022,Ez Barbell Regular-Grip Biceps Curl,Biceps,3,15,30,,
04/06/2022,Ez Barbell Regular-Grip Biceps Curl,Biceps,4,12,30,,
04/06/2022,Ez Barbell Regular-Grip Biceps Curl,Biceps,5,10,30,,
04/06/2022,Dumbbell Hammer Biceps Curl,Biceps,1,12,15,,
04/06/2022,Dumbbell Hammer Biceps Curl,Biceps,2,10,15,,
04/06/2022,Dumbbell Hammer Biceps Curl,Biceps,3,8,15,,
04/06/2022,Dumbbell Hammer Biceps Curl,Biceps,4,12,15,,
04/06/2022,Machine Iso Row,Back,1,10,50,,
04/06/2022,Machine Iso Row,Back,2,8,50,,
04/06/2022,Machine Iso Row,Back,3,8,60,,
04/06/2022,Machine Iso Row,Back,4,8,70,,
04/06/2022,Machine Iso Row Close Grip,Back,1,8,50,,
04/06/2022,Machine Iso Row Close Grip,Back,2,8,60,,
04/06/2022,Machine Iso Row Close Grip,Back,3,8,70,,
04/06/2022,Body Weight Pull-Up,Back,1,5,,,
04/06/2022,Body Weight Chin-Up,Biceps,1,5,,,
04/06/2022,Body Weight Dips,Triceps,2,10,,,
04/06/2022,Body Weight Dips,Triceps,2,10,,,
04/06/2022,Dumbbell Seated Shoulder Press,Shoulders,1,10,40,,
04/06/2022,Dumbbell Seated Shoulder Press,Shoulders,2,10,40,,
04/06/2022,Dumbbell Seated Shoulder Press,Shoulders,3,10,40,,
04/06/2022,Dumbbell Side Lateral Raise,Shoulders,1,15,10,,
04/06/2022,Dumbbell Side Lateral Raise,Shoulders,2,15,10,,
04/06/2022,Dumbbell Side Lateral Raise,Shoulders,3,15,10,,
04/06/2022,Dumbbell Front Raise,Shoulders,1,10,10,,
04/06/2022,Dumbbell Front Raise,Shoulders,2,12,10,,
04/06/2022,Dumbbell Front Raise,Shoulders,3,10,10,,
04/06/2022,Dumbbell Overhead Triceps Extension,Triceps,1,12,30,,
04/06/2022,Dumbbell Overhead Triceps Extension,Triceps,2,15,30,,
04/06/2022,Dumbbell Overhead Triceps Extension,Triceps,3,15,30,,
04/06/2022,Machine Butterfly,Chest,1,10,60,,
04/06/2022,Machine Butterfly,Chest,2,10,70,,
04/06/2022,Machine Butterfly,Chest,3,5,60,,
04/09/2022,Dumbbell One-Arm Biceps Curl,Biceps,1,10,15,,
04/09/2022,Dumbbell One-Arm Biceps Curl,Biceps,2,12,15,,
04/09/2022,Dumbbell One-Arm Biceps Curl,Biceps,3,10,15,,
04/09/2022,Dumbbell One-Arm Biceps Curl,Biceps,4,10,15,,
04/09/2022,Dumbbell Side Lateral Raise,Shoulders,1,10,15,,
04/09/2022,Dumbbell Side Lateral Raise,Shoulders,2,10,15,,
04/09/2022,Dumbbell Side Lateral Raise,Shoulders,3,8,15,,
04/09/2022,Dumbbell Side Lateral Raise,Shoulders,4,10,15,,
04/09/2022,Dumbbell Front Raise,Shoulders,1,10,15,,
04/09/2022,Dumbbell Front Raise,Shoulders,2,6,15,,
04/09/2022,Dumbbell Front Raise,Shoulders,3,6,15,,
04/09/2022,Dumbbell Front Raise,Shoulders,4,8,15,,
04/09/2022,Plate Front Raise,Shoulders,1,6,25,,
04/09/2022,Plate Front Raise,Shoulders,2,8,25,,
04/09/2022,Body Weight Pull-Up,Back,1,6,,,
04/09/2022,Body Weight Pull-Up,Back,2,6,,,
04/09/2022,Body Weight Chin-Up,Biceps,1,6,,,
04/09/2022,Body Weight Chin-Up,Biceps,2,6,,,
04/09/2022,Body Weight Chin-Up,Biceps,3,6,,,
04/09/2022,Body Weight Dips,Triceps,1,10,,,
04/09/2022,Body Weight Dips,Triceps,2,10,,,
04/09/2022,Body Weight Dips,Triceps,3,10,,,
04/09/2022,Body Weight Dips,Triceps,4,10,,,
04/10/2022,Machine Seated Leg Curl,Glutes_Hamstrings,1,8,50,,
04/10/2022,Machine Seated Leg Curl,Glutes_Hamstrings,2,5,60,,
04/10/2022,Machine Seated Leg Curl,Glutes_Hamstrings,3,16,60,,
04/10/2022,Machine Seated Leg Curl,Glutes_Hamstrings,4,8,70,,
04/10/2022,Machine Seated Leg Curl,Glutes_Hamstrings,5,8,60,,
04/10/2022,Dumbbell Walking Lunge,Quadriceps,1,10,20,,
04/10/2022,Dumbbell Walking Lunge,Quadriceps,2,10,20,,
04/10/2022,Dumbbell Walking Lunge,Quadriceps,3,10,20,,
04/10/2022,Dumbbell Goblet Squat,Quadriceps,1,10,30,,
04/10/2022,Dumbbell Goblet Squat,Quadriceps,2,10,30,,
04/10/2022,Dumbbell Goblet Squat,Quadriceps,3,10,30,,
04/11/2022,Barbell Flat Bench Press,Chest,1,10,65,,
04/11/2022,Barbell Flat Bench Press,Chest,2,10,95,,
04/11/2022,Barbell Flat Bench Press,Chest,3,8,115,,
04/11/2022,Barbell Flat Bench Press,Chest,4,5,135,,
04/11/2022,Barbell Flat Bench Press,Chest,5,5,135,,
04/11/2022,Dumbbell Incline Bench Press,Chest,1,10,25,,
04/11/2022,Dumbbell Incline Bench Press,Chest,2,10,50,,
04/11/2022,Dumbbell Incline Bench Press,Chest,3,10,50,,
04/11/2022,Dumbbell Incline Bench Press,Chest,4,10,50,,
04/11/2022,Dumbbell Front Raise,Shoulders,1,10,10,,
04/11/2022,Dumbbell Front Raise,Shoulders,2,10,10,,
04/11/2022,Dumbbell Front Raise,Shoulders,3,10,10,,
04/11/2022,Dumbbell Front Raise,Shoulders,4,10,10,,
04/11/2022,Dumbbell Side Lateral Raise,Shoulders,1,10,10,,
04/11/2022,Dumbbell Side Lateral Raise,Shoulders,2,10,10,,
04/11/2022,Dumbbell Side Lateral Raise,Shoulders,3,10,10,,
04/11/2022,Dumbbell Side Lateral Raise,Shoulders,4,10,10,,
04/12/2022,Dumbbell Flat Bench Press,Chest,1,10,25,,
04/12/2022,Dumbbell Flat Bench Press,Chest,2,10,35,,
04/12/2022,Dumbbell Flat Bench Press,Chest,3,8,35,,
04/12/2022,Dumbbell Flat Bench Press,Chest,4,8,35,,
04/12/2022,Dumbbell Close-Grip Bench Press,Triceps,1,10,25,,
04/12/2022,Dumbbell Close-Grip Bench Press,Triceps,2,8,25,,
04/12/2022,Dumbbell Close-Grip Bench Press,Triceps,3,8,35,,
04/12/2022,Dumbbell Close-Grip Bench Press,Triceps,4,8,35,,
04/12/2022,Dumbbell Seated Shoulder Press,Shoulders,1,8,25,,
04/12/2022,Dumbbell Seated Shoulder Press,Shoulders,2,8,35,,
04/12/2022,Dumbbell Seated Shoulder Press,Shoulders,3,8,35,,
04/12/2022,Dumbbell Seated Shoulder Press,Shoulders,4,8,35,,
04/12/2022,Machine Butterfly,Chest,1,8,50,,
04/12/2022,Machine Butterfly,Chest,2,8,50,,
04/12/2022,Machine Butterfly,Chest,3,8,60,,
04/12/2022,Machine Butterfly,Chest,4,8,60,,
04/12/2022,Machine Butterfly,Chest,5,8,50,,
04/13/2022,,#N/A,,,,,went forgot to record
04/18/2022,Machine Iso Row,Back,1,10,50,,
04/18/2022,Machine Iso Row,Back,2,10,60,,
04/18/2022,Machine Iso Row,Back,3,12,80,,
04/18/2022,Machine Iso Row,Back,4,8,100,,
04/18/2022,Machine Iso Row,Back,5,10,80,,
04/18/2022,Machine Iso Row Close Grip,Back,1,10,60,,
04/18/2022,Machine Iso Row Close Grip,Back,2,8,80,,
04/18/2022,Machine Iso Row Close Grip,Back,3,8,80,,
04/18/2022,Machine Iso Row Close Grip,Back,4,10,60,,
04/18/2022,Machine Lat Pull-Down,Back,1,10,50,,
04/18/2022,Machine Lat Pull-Down,Back,2,10,80,,
04/18/2022,Machine Lat Pull-Down,Back,3,10,90,,
04/18/2022,Machine Lat Pull-Down,Back,4,10,100,,
04/18/2022,Machine Lat Pull-Down,Back,5,10,80,,
04/18/2022,Machine Reverse Butterfly,Back,1,8,50,,
04/18/2022,Machine Reverse Butterfly,Back,2,8,60,,
04/18/2022,Machine Reverse Butterfly,Back,3,8,50,,
04/19/2022,Dumbbell Flat Bench Press,Chest,1,10,30,,
04/19/2022,Dumbbell Flat Bench Press,Chest,2,5,55,,
04/19/2022,Dumbbell Flat Bench Press,Chest,3,6,55,,
04/19/2022,Dumbbell Flat Bench Press,Chest,4,8,30,,
04/19/2022,Dumbbell Incline Bench Press,Chest,1,10,30,,
04/19/2022,Dumbbell Incline Bench Press,Chest,2,6,45,,
04/19/2022,Dumbbell Incline Bench Press,Chest,3,8,45,,
04/19/2022,Dumbbell Incline Bench Press,Chest,4,8,30,,
04/19/2022,Dumbbell Seated Shoulder Press,Shoulders,1,12,30,,
04/19/2022,Dumbbell Seated Shoulder Press,Shoulders,2,8,45,,
04/19/2022,Dumbbell Seated Shoulder Press,Shoulders,3,6,45,,
04/19/2022,Dumbbell Seated Shoulder Press,Shoulders,4,5,45,,
04/19/2022,Dumbbell Seated Shoulder Press,Shoulders,5,8,30,,
04/19/2022,Dumbbell Side Lateral Raise,Shoulders,1,12,10,,
04/19/2022,Dumbbell Side Lateral Raise,Shoulders,2,10,10,,
04/19/2022,Dumbbell Side Lateral Raise,Shoulders,3,10,10,,
04/19/2022,Dumbbell Front Raise,Shoulders,1,12,10,,
04/19/2022,Dumbbell Front Raise,Shoulders,2,10,10,,
04/19/2022,Dumbbell Front Raise,Shoulders,3,10,10,,
04/19/2022,Machine Butterfly,Chest,1,12,50,,
04/19/2022,Machine Butterfly,Chest,2,10,50,,
04/19/2022,Machine Butterfly,Chest,3,8,60,,
04/19/2022,Machine Butterfly,Chest,4,10,60,,
04/23/2022,Body Weight Pull-Up,Back,1,8,,,
04/23/2022,Body Weight Pull-Up,Back,2,8,,,
04/23/2022,Body Weight Dips,Triceps,1,12,,,
04/23/2022,Body Weight Dips,Triceps,2,12,,,
04/23/2022,Dumbbell Flat Bench Press,Chest,1,8,35,,
04/23/2022,Dumbbell Flat Bench Press,Chest,2,8,45,,
04/23/2022,Dumbbell Flat Bench Press,Chest,3,8,45,,
04/23/2022,Dumbbell Flat Bench Press,Chest,4,8,50,,
04/23/2022,Dumbbell Incline Bench Press,Chest,1,8,35,,
04/23/2022,Dumbbell Incline Bench Press,Chest,2,8,35,,
04/23/2022,Dumbbell Incline Bench Press,Chest,3,8,40,,
04/23/2022,Dumbbell Seated Shoulder Press,Shoulders,1,8,35,,
04/23/2022,Dumbbell Seated Shoulder Press,Shoulders,2,8,35,,
04/23/2022,Dumbbell Seated Shoulder Press,Shoulders,3,8,35,,
04/23/2022,Dumbbell Seated Shoulder Press,Shoulders,4,8,35,,
04/23/2022,Machine Butterfly,Chest,1,12,50,,
04/23/2022,Machine Butterfly,Chest,2,12,60,,
04/23/2022,Machine Butterfly,Chest,3,10,70,,
04/23/2022,Machine Butterfly,Chest,4,5,80,,
04/23/2022,Machine Butterfly,Chest,4,8,50,,
04/24/2022,Machine Leg Press,Quadriceps,1,12,60,,
04/24/2022,Machine Leg Press,Quadriceps,2,16,80,,
04/24/2022,Machine Leg Press,Quadriceps,3,10,120,,
04/24/2022,Machine Leg Press,Quadriceps,4,5,140,,
04/24/2022,Machine Leg Press,Quadriceps,4,5,180,,
04/24/2022,Machine Leg Press,Quadriceps,4,5,200,,
04/24/2022,Machine Seated Leg Curl,Glutes_Hamstrings,1,15,40,,
04/24/2022,Machine Seated Leg Curl,Glutes_Hamstrings,2,12,60,,
04/24/2022,Machine Seated Leg Curl,Glutes_Hamstrings,3,10,70,,
04/24/2022,Machine Seated Leg Curl,Glutes_Hamstrings,4,10,70,,
04/24/2022,Machine Seated Leg Curl,Glutes_Hamstrings,4,5,50,,
04/24/2022,Machine Seated Leg Extension,Quadriceps,1,20,40,,
04/24/2022,Machine Seated Leg Extension,Quadriceps,2,10,50,,
04/24/2022,Machine Seated Leg Extension,Quadriceps,2,10,40,,
04/24/2022,Machine Seated Leg Extension,Quadriceps,3,10,60,,
04/24/2022,Machine Seated Leg Extension,Quadriceps,3,10,50,,
04/24/2022,Machine Seated Leg Extension,Quadriceps,4,8,70,,
04/24/2022,Machine Seated Leg Extension,Quadriceps,4,6,60,,
04/24/2022,Machine Seated Leg Extension,Quadriceps,4,4,50,,
04/24/2022,Dumbbell Goblet Squat,Quadriceps,1,10,35,,
04/24/2022,Dumbbell Goblet Squat,Quadriceps,2,10,35,,
04/24/2022,Dumbbell Seated Shoulder Press,Shoulders,1,8,35,,
04/24/2022,Dumbbell Seated Shoulder Press,Shoulders,2,10,35,,
04/24/2022,Dumbbell Seated Shoulder Press,Shoulders,3,10,35,,
04/24/2022,Dumbbell Side Lateral Raise,Shoulders,1,10,15,,
04/24/2022,Dumbbell Side Lateral Raise,Shoulders,2,10,15,,
04/24/2022,Dumbbell Side Lateral Raise,Shoulders,3,12,15,,
04/24/2022,Dumbbell Bulgarian Split-Squat,Quadriceps,1,10,20,,
04/24/2022,Dumbbell One-Arm Biceps Curl,Biceps,1,10,15,,
04/24/2022,Dumbbell One-Arm Biceps Curl,Biceps,2,10,15,,
04/24/2022,Dumbbell One-Arm Biceps Curl,Biceps,3,10,15,,
04/24/2022,Dumbbell One-Arm Biceps Curl,Biceps,4,8,15,,
04/24/2022,Dumbbell Hammer Biceps Curl,Biceps,1,10,15,,
04/24/2022,Dumbbell Hammer Biceps Curl,Biceps,2,10,15,,
04/24/2022,Dumbbell Hammer Biceps Curl,Biceps,3,8,15,,
04/25/2022,Barbell Flat Bench Press,Chest,1,10,45,,
04/25/2022,Barbell Flat Bench Press,Chest,2,5,95,,
04/25/2022,Barbell Flat Bench Press,Chest,3,5,95,,
04/25/2022,Barbell Flat Bench Press,Chest,4,5,135,,
04/25/2022,Barbell Flat Bench Press,Chest,5,5,155,,
04/25/2022,Barbell Flat Bench Press,Chest,6,8,135,,
04/25/2022,Barbell Incline Bench Press,Chest,1,10,45,,
04/25/2022,Barbell Incline Bench Press,Chest,2,10,65,,
04/25/2022,Barbell Incline Bench Press,Chest,3,10,95,,
04/25/2022,Barbell Incline Bench Press,Chest,4,8,115,,
04/25/2022,Barbell Incline Bench Press,Chest,5,8,135,,
04/25/2022,Dumbbell Flat Bench Press,Chest,1,10,40,,
04/25/2022,Dumbbell Flat Bench Press,Chest,2,8,50,,
04/25/2022,Dumbbell Flat Bench Press,Chest,3,8,60,,
04/25/2022,Dumbbell Flat Bench Press,Chest,4,8,50,,
04/25/2022,Machine Butterfly,Chest,1,8,50,,
04/25/2022,Machine Butterfly,Chest,2,8,60,,
04/25/2022,Machine Butterfly,Chest,3,8,70,,
04/25/2022,Machine Butterfly,Chest,4,8,80,,
04/25/2022,Cable V-Bar Triceps Push-Down,Triceps,1,20,30,,
04/25/2022,Cable V-Bar Triceps Push-Down,Triceps,2,10,40,,
04/25/2022,Cable V-Bar Triceps Push-Down,Triceps,2,10,30,,
04/25/2022,Cable V-Bar Triceps Push-Down,Triceps,3,10,50,,
04/25/2022,Cable V-Bar Triceps Push-Down,Triceps,3,10,40,,
04/25/2022,Cable V-Bar Triceps Push-Down,Triceps,4,20,30,,
04/25/2022,Cable Rope Triceps Push-Down,Triceps,1,10,30,,
04/25/2022,Cable Rope Triceps Push-Down,Triceps,2,10,40,,
04/25/2022,Cable Rope Triceps Push-Down,Triceps,3,10,50,,
04/25/2022,Cable Rope Triceps Push-Down,Triceps,4,10,60,,
04/25/2022,Body Weight Pull-Up,Back,1,8,,,
04/25/2022,Body Weight Pull-Up,Back,2,6,,,
04/25/2022,Body Weight Chin-Up,Biceps,1,6,,,
04/25/2022,Body Weight Chin-Up,Biceps,2,6,,,
04/26/2022,Weighted Pull-Up,Back,1,5,10,,
04/26/2022,Weighted Pull-Up,Back,2,5,10,,
04/26/2022,Weighted Pull-Up,Back,3,5,10,,
04/26/2022,Body Weight Pull-Up,Back,1,5,,,
04/26/2022,Body Weight Pull-Up,Back,2,5,,,
04/26/2022,Weighted Chin-Up,Biceps,1,5,10,,
04/26/2022,Weighted Chin-Up,Biceps,2,5,10,,
04/26/2022,Weighted Chin-Up,Biceps,3,5,10,,
04/26/2022,Body Weight Chin-Up,Biceps,1,5,,,
04/26/2022,Body Weight Chin-Up,Biceps,1,5,,,
04/26/2022,Machine Lat Pull-Down,Back,1,10,70,,
04/26/2022,Machine Lat Pull-Down,Back,2,10,80,,
04/26/2022,Machine Lat Pull-Down,Back,3,8,90,,
04/26/2022,Machine Lat Pull-Down,Back,4,8,100,,
04/26/2022,Machine Lat Pull-Down,Back,5,8,110,,
04/26/2022,Machine Lat Pull-Down,Back,6,8,120,,
04/26/2022,Cable Straight-Arm Pull-Down,Back,1,8,70,,
04/26/2022,Cable Straight-Arm Pull-Down,Back,2,8,80,,
04/26/2022,Cable Straight-Arm Pull-Down,Back,3,8,90,,
04/26/2022,Cable Straight-Arm Pull-Down,Back,4,8,100,,
04/26/2022,Cable Straight-Arm Pull-Down,Back,5,8,110,,
04/26/2022,Barbell One-Arm Row,Back,1,10,30,,
04/26/2022,Barbell One-Arm Row,Back,2,10,40,,
04/26/2022,Barbell One-Arm Row,Back,3,10,40,,
04/26/2022,Barbell One-Arm Row,Back,4,10,40,,
04/26/2022,Barbell Regular-Grip Biceps Curl,Biceps,1,10,30,,
04/26/2022,Barbell Regular-Grip Biceps Curl,Biceps,2,10,30,,
04/26/2022,Barbell Regular-Grip Biceps Curl,Biceps,3,10,30,,
04/26/2022,Barbell Regular-Grip Biceps Curl,Biceps,4,10,30,,
04/26/2022,Weighted Dips (Triceps Variation),#N/A,1,8,,,
04/26/2022,Weighted Dips (Triceps Variation),#N/A,2,8,,,
04/26/2022,Weighted Dips (Triceps Variation),#N/A,3,8,,,
04/27/2022,Body Weight Pull-Up,Back,1,5,,,
04/27/2022,Body Weight Pull-Up,Back,2,5,,,
04/27/2022,Body Weight Pull-Up,Back,3,5,,,
04/27/2022,Body Weight Pull-Up,Back,4,5,,,
04/27/2022,Body Weight Pull-Up,Back,5,5,,,
04/27/2022,Body Weight Chin-Up,Biceps,1,5,,,
04/27/2022,Body Weight Chin-Up,Biceps,2,5,,,
04/27/2022,Body Weight Chin-Up,Biceps,3,5,,,
04/27/2022,Body Weight Chin-Up,Biceps,4,5,,,
04/27/2022,Body Weight Chin-Up,Biceps,5,5,,,
04/27/2022,Dumbbell Side Lateral Raise,Shoulders,1,10,15,,
04/27/2022,Dumbbell Side Lateral Raise,Shoulders,2,10,15,,
04/27/2022,Dumbbell Side Lateral Raise,Shoulders,3,10,15,,
04/27/2022,Dumbbell Side Lateral Raise,Shoulders,4,10,15,,
04/27/2022,Dumbbell Side Lateral Raise,Shoulders,5,10,15,,
04/27/2022,Dumbbell One-Arm Biceps Curl,Biceps,1,10,15,,
04/27/2022,Dumbbell One-Arm Biceps Curl,Biceps,2,10,15,,
04/27/2022,Dumbbell One-Arm Biceps Curl,Biceps,3,10,15,,
04/27/2022,Dumbbell One-Arm Biceps Curl,Biceps,4,10,15,,
04/27/2022,Dumbbell One-Arm Biceps Curl,Biceps,5,10,15,,
04/27/2022,Dumbbell Walking Lunge,Quadriceps,1,10,25,,
04/27/2022,Dumbbell Walking Lunge,Quadriceps,2,10,25,,
04/27/2022,Dumbbell Walking Lunge,Quadriceps,3,10,25,,
04/27/2022,Dumbbell Walking Lunge,Quadriceps,4,10,25,,
04/27/2022,Machine Laying Leg Curl,Glutes_Hamstrings,1,10,30,,
04/27/2022,Machine Laying Leg Curl,Glutes_Hamstrings,2,10,40,,
04/27/2022,Machine Laying Leg Curl,Glutes_Hamstrings,3,10,50,,
04/27/2022,Machine Seated Leg Extension,Quadriceps,1,10,30,,
04/27/2022,Machine Seated Leg Extension,Quadriceps,2,10,40,,
04/27/2022,Machine Seated Leg Extension,Quadriceps,3,10,50,,
04/27/2022,Machine Seated Leg Extension,Quadriceps,4,10,60,,
04/27/2022,Machine Seated Leg Extension,Quadriceps,5,10,50,,
04/28/2022,Body Weight Dips,Triceps,1,10,,,
04/28/2022,Body Weight Dips,Triceps,2,10,,,
04/28/2022,Body Weight Dips,Triceps,3,10,,,
04/28/2022,Body Weight Chin-Up,Biceps,1,5,,,
04/28/2022,Body Weight Chin-Up,Biceps,2,5,,,
04/28/2022,Body Weight Chin-Up,Biceps,3,5,,,
04/28/2022,Dumbbell Seated Shoulder Press,Shoulders,1,10,30,,
04/28/2022,Dumbbell Seated Shoulder Press,Shoulders,2,10,30,,
04/28/2022,Dumbbell Seated Shoulder Press,Shoulders,3,5,35,,
04/28/2022,Dumbbell Seated Shoulder Press,Shoulders,4,5,40,,
04/28/2022,Dumbbell Seated Shoulder Press,Shoulders,4,5,30,,
04/28/2022,Dumbbell Seated Shoulder Press,Shoulders,5,5,40,,
04/28/2022,Dumbbell Seated Shoulder Press,Shoulders,5,5,35,,
04/28/2022,Dumbbell Shrug,Back,1,12,35,,
04/28/2022,Dumbbell Shrug,Back,2,10,40,,
04/28/2022,Dumbbell Shrug,Back,3,10,45,,
04/28/2022,Dumbbell Shrug,Back,3,5,40,,
04/28/2022,Dumbbell Shrug,Back,4,10,40,,
04/28/2022,Dumbbell Shrug,Back,5,8,40,,
04/28/2022,Dumbbell One-Arm Biceps Curl,Biceps,1,10,15,,
04/28/2022,Dumbbell One-Arm Biceps Curl,Biceps,2,10,15,,
04/28/2022,Dumbbell One-Arm Biceps Curl,Biceps,3,10,15,,
04/28/2022,Dumbbell One-Arm Biceps Curl,Biceps,4,10,15,,
04/28/2022,Dumbbell Side Lateral Raise,Shoulders,1,15,10,,
04/28/2022,Dumbbell Side Lateral Raise,Shoulders,2,15,10,,
04/28/2022,Dumbbell Side Lateral Raise,Shoulders,3,10,10,,
04/28/2022,Dumbbell Side Lateral Raise,Shoulders,4,10,15,,
04/28/2022,Cable Triceps Kickback,Triceps,1,10,20,,
04/28/2022,Cable Triceps Kickback,Triceps,2,10,20,,
04/28/2022,Cable Triceps Kickback,Triceps,3,10,20,,
05/01/2022,Ez Barbell Regular-Grip Biceps Curl,Biceps,1,10,40,,
05/01/2022,Ez Barbell Regular-Grip Biceps Curl,Biceps,2,10,40,,
05/01/2022,Ez Barbell Regular-Grip Biceps Curl,Biceps,3,10,40,,
05/01/2022,Ez Barbell Regular-Grip Biceps Curl,Biceps,4,12,40,,
05/01/2022,Dumbbell Hammer Biceps Curl,Biceps,1,10,15,,
05/01/2022,Dumbbell Hammer Biceps Curl,Biceps,2,10,15,,
05/01/2022,Dumbbell Hammer Biceps Curl,Biceps,3,10,15,,
05/01/2022,Dumbbell Hammer Biceps Curl,Biceps,4,12,15,,
05/01/2022,Dumbbell One-Arm Biceps Curl,Biceps,1,10,15,,
05/01/2022,Dumbbell One-Arm Biceps Curl,Biceps,2,10,15,,
05/01/2022,Dumbbell One-Arm Biceps Curl,Biceps,3,10,15,,
05/01/2022,Dumbbell One-Arm Biceps Curl,Biceps,4,12,15,,
05/01/2022,Dumbbell Side Lateral Raise,Shoulders,1,10,15,,
05/01/2022,Dumbbell Side Lateral Raise,Shoulders,2,10,15,,
05/01/2022,Dumbbell Side Lateral Raise,Shoulders,3,10,15,,
05/01/2022,Dumbbell Side Lateral Raise,Shoulders,4,10,15,,
05/01/2022,Plate Front Raise,Shoulders,1,10,15,,
05/01/2022,Plate Front Raise,Shoulders,2,10,15,,
05/01/2022,Plate Front Raise,Shoulders,3,10,15,,
05/01/2022,Plate Front Raise,Shoulders,4,10,15,,
05/01/2022,Dumbbell Shrug,Back,1,15,25,,
05/01/2022,Dumbbell Shrug,Back,2,15,25,,
05/01/2022,Dumbbell Shrug,Back,3,15,25,,
05/01/2022,Dumbbell Shrug,Back,4,15,25,,
05/01/2022,Body Weight Pull-Up,Back,1,8,,,
05/01/2022,Body Weight Pull-Up,Back,2,5,,,
05/01/2022,Body Weight Pull-Up,Back,3,4,,,
05/01/2022,Body Weight Pull-Up,Back,3,2,,,
05/01/2022,Body Weight Chin-Up,Biceps,1,6,,,
05/01/2022,Body Weight Dips,Triceps,1,10,,,
05/01/2022,Body Weight Dips,Triceps,2,10,,,
05/01/2022,Body Weight Dips,Triceps,3,10,,,
05/01/2022,Body Weight Dips,Triceps,4,10,,,
05/01/2022,Body Weight Parallette Push-Up,Body Weight,1,10,,,
05/01/2022,Body Weight Parallette Push-Up,Body Weight,2,10,,,
05/01/2022,Body Weight Push-Up,Chest,1,15,,,
05/01/2022,Body Weight Push-Up,Chest,2,10,,,
05/02/2022,Body Weight Pull-Up,Back,1,5,,,
05/02/2022,Body Weight Pull-Up,Back,2,5,,,
05/02/2022,Body Weight Pull-Up,Back,3,3,,,
05/02/2022,Body Weight Pull-Up,Back,3,2,,,
05/02/2022,Body Weight Dips,Triceps,1,8,,,
05/02/2022,Body Weight Chin-Up,Biceps,1,5,,,
05/02/2022,Body Weight Chin-Up,Biceps,2,5,,,
05/02/2022,Body Weight Chin-Up,Biceps,3,5,,,
05/02/2022,Body Weight Push-Up,Chest,1,10,,,
05/02/2022,Body Weight Push-Up,Chest,2,10,,,
05/02/2022,Body Weight Push-Up,Chest,3,15,,,
05/02/2022,Body Weight Push-Up,Chest,4,10,,,
05/02/2022,Dumbbell Flat Bench Press,Chest,1,15,25,,
05/02/2022,Dumbbell Flat Bench Press,Chest,2,8,45,,
05/02/2022,Dumbbell Flat Bench Press,Chest,3,12,25,,
05/02/2022,Dumbbell Seated Shoulder Press,Shoulders,1,12,25,,
05/02/2022,Dumbbell Seated Shoulder Press,Shoulders,2,12,30,,
05/02/2022,Dumbbell Seated Shoulder Press,Shoulders,3,12,30,,
05/02/2022,Dumbbell Seated Shoulder Press,Shoulders,4,8,30,,
05/02/2022,Dumbbell Side Lateral Raise,Shoulders,1,10,12,,
05/02/2022,Dumbbell Side Lateral Raise,Shoulders,2,10,12,,
05/02/2022,Dumbbell Side Lateral Raise,Shoulders,3,10,12,,
05/03/2022,Body Weight Pull-Up,Back,1,5,,,
05/03/2022,Body Weight Pull-Up,Back,2,5,,,
05/03/2022,Body Weight Pull-Up,Back,3,5,,,
05/03/2022,Body Weight Chin-Up,Biceps,1,5,,,
05/03/2022,Body Weight Chin-Up,Biceps,2,5,,,
05/03/2022,Body Weight Dips,Triceps,1,10,,,
05/03/2022,Body Weight Dips,Triceps,2,10,,,
05/03/2022,Body Weight Dips,Triceps,3,10,,,
05/03/2022,Cable Wide-Grip Lat Pull-Down,Back,1,10,70,,
05/03/2022,Cable Wide-Grip Lat Pull-Down,Back,2,10,80,,
05/03/2022,Cable Wide-Grip Lat Pull-Down,Back,3,10,90,,
05/03/2022,Cable Wide-Grip Lat Pull-Down,Back,4,10,100,,
05/03/2022,Cable Narrow-Grip Lat Pull-Down,Back,1,10,80,,
05/03/2022,Cable Narrow-Grip Lat Pull-Down,Back,2,10,90,,
05/03/2022,Cable Narrow-Grip Lat Pull-Down,Back,3,10,100,,
05/03/2022,Cable Reverse-Grip Lat Pull-Down,Back,1,10,80,,
05/03/2022,Cable Reverse-Grip Lat Pull-Down,Back,2,10,90,,
05/03/2022,Cable Reverse-Grip Lat Pull-Down,Back,3,10,100,,
05/03/2022,Cable Reverse-Grip Lat Pull-Down,Back,4,6,100,,
05/03/2022,Dumbbell Hammer Biceps Curl,Biceps,1,10,15,,
05/03/2022,Dumbbell Hammer Biceps Curl,Biceps,2,10,15,,
05/03/2022,Dumbbell Hammer Biceps Curl,Biceps,3,10,15,,
05/03/2022,Dumbbell Hammer Biceps Curl,Biceps,4,10,15,,
05/03/2022,Dumbbell One-Arm Biceps Curl,Biceps,1,12,15,,
05/03/2022,Dumbbell One-Arm Biceps Curl,Biceps,2,12,15,,
05/03/2022,Dumbbell One-Arm Biceps Curl,Biceps,3,12,15,,
05/03/2022,Dumbbell One-Arm Biceps Curl,Biceps,4,12,15,,
05/03/2022,Cable One-Arm Lat Pull-Down,Back,1,12,12.5,,
05/03/2022,Cable One-Arm Lat Pull-Down,Back,2,12,12.5,,
05/05/2022,Body Weight Push-Up,Chest,1,10,,,
05/05/2022,Body Weight Push-Up,Chest,2,10,,,
05/05/2022,Body Weight Push-Up,Chest,3,15,,,
05/05/2022,Body Weight Push-Up,Chest,4,10,,,
05/05/2022,Body Weight Pull-Up,Back,1,8,,,
05/05/2022,Body Weight Pull-Up,Back,2,5,,,
05/05/2022,Body Weight Pull-Up,Back,3,5,,,
05/05/2022,Body Weight Pull-Up,Back,4,5,,,
05/05/2022,Body Weight Chin-Up,Biceps,1,5,,,
05/05/2022,Dumbbell Side Lateral Raise,Shoulders,1,10,,,
05/05/2022,Dumbbell Side Lateral Raise,Shoulders,2,12,,,
05/05/2022,Dumbbell Side Lateral Raise,Shoulders,3,10,,,
05/05/2022,Dumbbell Side Lateral Raise,Shoulders,4,15,,,
05/05/2022,Dumbbell Front Raise,Shoulders,1,12,,,
05/05/2022,Dumbbell Front Raise,Shoulders,2,12,,,
05/05/2022,Dumbbell Front Raise,Shoulders,3,15,,,
05/05/2022,Dumbbell Front Raise,Shoulders,4,12,,,
05/05/2022,Dumbbell Seated Shoulder Press,Shoulders,1,10,35,,
05/05/2022,Dumbbell Seated Shoulder Press,Shoulders,2,8,40,,
05/05/2022,Dumbbell Seated Shoulder Press,Shoulders,3,8,35,,
05/05/2022,Dumbbell Seated Shoulder Press,Shoulders,4,8,35,,
05/05/2022,Machine Seated Leg Extension,Quadriceps,1,15,50,,
05/05/2022,Machine Seated Leg Extension,Quadriceps,2,15,50,,
05/05/2022,Machine Seated Leg Extension,Quadriceps,3,10,70,,
05/05/2022,Machine Seated Leg Extension,Quadriceps,4,10,70,,
05/05/2022,Machine Seated Leg Curl,Glutes_Hamstrings,1,10,22.5,,
05/05/2022,Machine Seated Leg Curl,Glutes_Hamstrings,2,10,27.5,,
05/05/2022,Machine Seated Leg Curl,Glutes_Hamstrings,3,10,50,,
05/05/2022,Machine Seated Leg Curl,Glutes_Hamstrings,4,10,50,,
05/05/2022,Dumbbell Walking Lunge,Quadriceps,1,10,25,,
05/05/2022,Dumbbell Walking Lunge,Quadriceps,2,10,25,,
05/05/2022,Dumbbell Walking Lunge,Quadriceps,3,10,25,,
05/05/2022,Dumbbell Walking Lunge,Quadriceps,4,10,25,,
05/05/2022,Barbell Squat,Quadriceps,1,8,65,,
05/05/2022,Barbell Squat,Quadriceps,2,8,95,,
05/05/2022,Barbell Squat,Quadriceps,3,8,95,,
05/05/2022,Barbell Squat,Quadriceps,4,8,135,,
05/05/2022,Barbell Squat,Quadriceps,5,8,135,,
05/05/2022,Barbell Deadlift,Glutes_Hamstrings,1,8,65,,
05/05/2022,Barbell Deadlift,Glutes_Hamstrings,2,8,95,,
05/05/2022,Barbell Deadlift,Glutes_Hamstrings,3,8,95,,
05/05/2022,Barbell Deadlift,Glutes_Hamstrings,4,8,135,,
05/06/2022,Body Weight Pull-Up,Back,1,5,,,
05/06/2022,Body Weight Pull-Up,Back,2,5,,,
05/06/2022,Body Weight Pull-Up,Back,3,4,,,
05/06/2022,Body Weight Dips,Triceps,1,12,,,
05/06/2022,Body Weight Dips,Triceps,2,10,,,
05/06/2022,Body Weight Dips,Triceps,3,10,,,
05/06/2022,Body Weight Dips,Triceps,4,10,,,
05/06/2022,Body Weight Chin-Up,Biceps,1,6,,,
05/06/2022,Body Weight Chin-Up,Biceps,2,5,,,
05/06/2022,Body Weight Chin-Up,Biceps,3,5,,,
05/06/2022,Body Weight Chin-Up,Biceps,4,5,,,
05/06/2022,Ez Barbell Regular-Grip Biceps Curl,Biceps,1,12,40,,
05/06/2022,Ez Barbell Regular-Grip Biceps Curl,Biceps,2,10,40,,
05/06/2022,Ez Barbell Regular-Grip Biceps Curl,Biceps,3,10,40,,
05/06/2022,Ez Barbell Regular-Grip Biceps Curl,Biceps,4,10,40,,
05/06/2022,Dumbbell One-Arm Biceps Curl,Biceps,1,10,20,,
05/06/2022,Dumbbell One-Arm Biceps Curl,Biceps,2,10,20,,
05/06/2022,Dumbbell One-Arm Biceps Curl,Biceps,3,10,20,,
05/06/2022,Dumbbell One-Arm Biceps Curl,Biceps,4,10,20,,
05/06/2022,Dumbbell Hammer Biceps Curl,Biceps,1,10,20,,
05/06/2022,Dumbbell Hammer Biceps Curl,Biceps,2,10,20,,
05/06/2022,Dumbbell Hammer Biceps Curl,Biceps,3,10,20,,
05/06/2022,Dumbbell Hammer Biceps Curl,Biceps,4,10,20,,
05/08/2022,Dumbbell Flat Bench Press,Chest,1,12,25,,
05/08/2022,Dumbbell Flat Bench Press,Chest,2,10,40,,
05/08/2022,Dumbbell Flat Bench Press,Chest,3,6,40,,
05/08/2022,Dumbbell Flat Bench Press,Chest,4,8,50,,
05/08/2022,Dumbbell Flat Bench Press,Chest,5,8,50,,
05/08/2022,Dumbbell Incline Bench Press,Chest,1,10,25,,
05/08/2022,Dumbbell Incline Bench Press,Chest,2,10,35,,
05/08/2022,Dumbbell Incline Bench Press,Chest,3,8,35,,
05/08/2022,Dumbbell Incline Bench Press,Chest,4,6,35,,
05/08/2022,Dumbbell Seated Shoulder Press,Shoulders,1,10,35,,
05/08/2022,Dumbbell Seated Shoulder Press,Shoulders,2,8,35,,
05/08/2022,Dumbbell Seated Shoulder Press,Shoulders,3,8,35,,
05/08/2022,Dumbbell Seated Shoulder Press,Shoulders,4,6,35,,
05/08/2022,Dumbbell Shrug,Back,1,10,35,,
05/08/2022,Dumbbell Shrug,Back,2,10,35,,
05/08/2022,Dumbbell Shrug,Back,3,10,35,,
05/08/2022,Body Weight Pull-Up,Back,1,5,,,
05/08/2022,Body Weight Chin-Up,Biceps,1,10,,,
05/08/2022,Body Weight Chin-Up,Biceps,2,6,,,
05/08/2022,Body Weight Dips,Triceps,1,12,,,
05/08/2022,Body Weight Dips,Triceps,2,10,,,
05/08/2022,Machine Butterfly,Chest,1,10,50,,
05/08/2022,Machine Butterfly,Chest,2,8,50,,
05/08/2022,Machine Butterfly,Chest,3,8,60,,
05/08/2022,Machine Butterfly,Chest,4,6,60,,
05/09/2022,,#N/A,,,,,went forgot to record
05/10/2022,,#N/A,,,,,went forgot to record
05/12/2022,Dumbbell Flat Bench Press,Chest,1,30,10,,
05/12/2022,Dumbbell Flat Bench Press,Chest,2,30,10,,
05/12/2022,Dumbbell Flat Bench Press,Chest,3,35,10,,
05/12/2022,Dumbbell Flat Bench Press,Chest,4,35,10,,
05/12/2022,Dumbbell Incline Bench Press,Chest,1,30,10,,
05/12/2022,Dumbbell Incline Bench Press,Chest,2,30,10,,
05/12/2022,Dumbbell Incline Bench Press,Chest,3,35,10,,
05/12/2022,Dumbbell Incline Bench Press,Chest,4,35,10,,
05/12/2022,Dumbbell Seated Shoulder Press,Shoulders,1,30,10,,
05/12/2022,Dumbbell Seated Shoulder Press,Shoulders,2,30,10,,
05/12/2022,Dumbbell Seated Shoulder Press,Shoulders,3,35,10,,
05/12/2022,Dumbbell Seated Shoulder Press,Shoulders,4,35,10,,
05/12/2022,Body Weight Pull-Up,Back,1,5,,,
05/12/2022,Body Weight Pull-Up,Back,2,5,,,
05/12/2022,Body Weight Pull-Up,Back,3,5,,,
05/12/2022,Body Weight Chin-Up,Biceps,1,5,,,
05/12/2022,Body Weight Chin-Up,Biceps,2,5,,,
05/12/2022,Body Weight Chin-Up,Biceps,3,5,,,
05/12/2022,Body Weight Push-Up,Chest,1,10,,,
05/12/2022,Body Weight Push-Up,Chest,2,10,,,
05/12/2022,Body Weight Push-Up,Chest,3,10,,,
05/12/2022,Body Weight Push-Up,Chest,4,10,,,
05/12/2022,Body Weight Push-Up,Chest,5,10,,,
05/12/2022,Body Weight Push-Up,Chest,6,10,,,
05/15/2022,Body Weight Parallette Push-Up,Body Weight,1,10,,,
05/15/2022,Body Weight Parallette Push-Up,Body Weight,2,10,,,
05/15/2022,Body Weight Parallette Close Grip Push-Up,Body Weight,1,10,,,
05/15/2022,Body Weight Parallette Close Grip Push-Up,Body Weight,2,10,,,
05/15/2022,Body Weight Parallette Wide Grip Push-Up,Body Weight,1,10,,,
05/15/2022,Body Weight Parallette Wide Grip Push-Up,Body Weight,2,10,,,
05/15/2022,Body Weight Parallette Pseudo Push-Up,Body Weight,1,10,,,
05/15/2022,Body Weight Parallette Pseudo Push-Up,Body Weight,2,10,,,
05/15/2022,Body Weight Parallette Pike Push-Up,Body Weight,1,10,,,
05/15/2022,Body Weight Parallette Pike Push-Up,Body Weight,2,10,,,
05/15/2022,Body Weight Parallette Straight Bar Push-Up,Body Weight,1,10,,,
05/15/2022,Body Weight Parallette Straight Bar Push-Up,Body Weight,2,10,,,
05/17/2022,Body Weight Push-Up,Chest,1,10,,,
05/17/2022,Body Weight Push-Up,Chest,2,10,,,
05/17/2022,Body Weight Push-Up,Chest,3,10,,,
05/17/2022,Body Weight Push-Up,Chest,4,10,,,
05/18/2022,Dumbbell Flat Bench Press,Chest,1,10,50,,
05/18/2022,Dumbbell Flat Bench Press,Chest,2,10,50,,
05/18/2022,Dumbbell Flat Bench Press,Chest,3,10,55,,
05/18/2022,Dumbbell Flat Bench Press,Chest,4,10,55,,
05/18/2022,Dumbbell Incline Bench Press,Chest,1,6,50,,
05/18/2022,Dumbbell Incline Bench Press,Chest,2,6,50,,
05/18/2022,Dumbbell Incline Bench Press,Chest,3,8,45,,
05/18/2022,Dumbbell Incline Bench Press,Chest,4,8,45,,
05/18/2022,Dumbbell Seated Shoulder Press,Shoulders,1,8,45,,
05/18/2022,Dumbbell Seated Shoulder Press,Shoulders,2,8,45,,
05/18/2022,Dumbbell Seated Shoulder Press,Shoulders,3,8,45,,
05/18/2022,Dumbbell Seated Shoulder Press,Shoulders,4,8,45,,
05/18/2022,Dumbbell Shrug,Back,1,10,50,,
05/18/2022,Dumbbell Shrug,Back,2,10,50,,
05/18/2022,Dumbbell Shrug,Back,3,10,55,,
05/18/2022,Dumbbell Shrug,Back,4,8,55,,
05/18/2022,Body Weight Dips,Triceps,1,12,,,
05/18/2022,Body Weight Dips,Triceps,2,12,,,
05/18/2022,Body Weight Dips,Triceps,3,10,,,
05/18/2022,Dumbbell Overhead Triceps Extension,Triceps,1,10,45,,
05/18/2022,Dumbbell Overhead Triceps Extension,Triceps,2,10,45,,
05/18/2022,Dumbbell Overhead Triceps Extension,Triceps,3,10,45,,
05/18/2022,Dumbbell Side Lateral Raise,Shoulders,1,15,15,,
05/18/2022,Dumbbell Side Lateral Raise,Shoulders,2,15,15,,
05/18/2022,Dumbbell Side Lateral Raise,Shoulders,3,15,15,,
05/18/2022,Dumbbell Front Raise,Shoulders,1,10,15,,
05/18/2022,Dumbbell Front Raise,Shoulders,2,10,15,,
05/18/2022,Dumbbell Front Raise,Shoulders,3,10,15,,
05/22/2022,Machine Seated Leg Curl,Glutes_Hamstrings,1,20,40,,
05/22/2022,Machine Seated Leg Curl,Glutes_Hamstrings,2,20,50,,
05/22/2022,Machine Seated Leg Curl,Glutes_Hamstrings,3,20,60,,
05/22/2022,Machine Seated Leg Curl,Glutes_Hamstrings,4,20,70,,
05/22/2022,Machine Seated Leg Curl,Glutes_Hamstrings,5,8,70,,
05/22/2022,Dumbbell Goblet Squat,Quadriceps,1,20,25,,
05/22/2022,Dumbbell Goblet Squat,Quadriceps,2,20,35,,
05/22/2022,Dumbbell Goblet Squat,Quadriceps,3,20,35,,
05/22/2022,Machine Leg Press,Quadriceps,1,20,60,,
05/22/2022,Machine Leg Press,Quadriceps,2,10,100,,
05/22/2022,Machine Leg Press,Quadriceps,2,5,120,,
05/22/2022,Machine Leg Press,Quadriceps,3,3,140,,
05/22/2022,Machine Leg Press,Quadriceps,3,3,160,,
05/22/2022,Machine Leg Press,Quadriceps,3,3,180,,
05/22/2022,Machine Leg Press,Quadriceps,3,3,200,,
05/22/2022,Machine Iso Row,Back,1,10,40,,
05/22/2022,Machine Iso Row,Back,2,10,60,,
05/22/2022,Machine Iso Row,Back,2,10,40,,
05/22/2022,Machine Iso Row,Back,3,11,80,,
05/22/2022,Machine Iso Row,Back,3,10,60,,
05/22/2022,Machine Iso Row,Back,4,10,60,,
05/22/2022,Machine Iso Row,Back,4,10,40,,
05/25/2022,Body Weight Push-Up,Chest,1,10,,,
05/25/2022,Body Weight Push-Up,Chest,2,20,,,
05/25/2022,Body Weight Push-Up,Chest,3,10,,,
05/25/2022,Body Weight Parallette Push-Up,Body Weight,1,20,,,
05/25/2022,Body Weight Parallette Straight Bar Push-Up,Body Weight,1,20,,,
05/25/2022,Body Weight Parallette Close Grip Push-Up,Body Weight,1,15,,,
05/25/2022,Body Weight Parallette Close Grip Push-Up,Body Weight,1,10,,,
05/26/2022,Body Weight Pull-Up,Back,1,5,,,
05/26/2022,Body Weight Pull-Up,Back,2,5,,,
05/26/2022,Body Weight Chin-Up,Biceps,1,10,,,
05/26/2022,Body Weight Chin-Up,Biceps,2,6,,,
05/26/2022,Body Weight Dips,Triceps,1,15,,,
05/26/2022,Body Weight Dips,Triceps,2,10,,,
05/26/2022,Body Weight Dips,Triceps,3,12,,,
05/26/2022,Dumbbell Incline Bench Biceps Curl,Biceps,1,10,20,,
05/26/2022,Dumbbell Incline Bench Biceps Curl,Biceps,2,10,20,,
05/26/2022,Dumbbell Incline Bench Biceps Curl,Biceps,3,5,20,,
05/26/2022,Dumbbell Hammer Biceps Curl,Biceps,1,10,20,,
05/26/2022,Dumbbell Hammer Biceps Curl,Biceps,2,10,20,,
05/26/2022,Dumbbell Hammer Biceps Curl,Biceps,3,8,20,,
05/26/2022,Dumbbell One-Arm Biceps Curl,Biceps,1,10,20,,
05/26/2022,Dumbbell One-Arm Biceps Curl,Biceps,2,10,20,,
05/26/2022,Dumbbell One-Arm Biceps Curl,Biceps,3,10,20,,
05/26/2022,Dumbbell Overhead Triceps Extension,Triceps,1,10,30,,
05/26/2022,Dumbbell Overhead Triceps Extension,Triceps,2,10,30,,
05/26/2022,Dumbbell Overhead Triceps Extension,Triceps,3,10,30,,
05/26/2022,Dumbbell One-Arm Row,Back,1,10,30,,
05/26/2022,Dumbbell One-Arm Row,Back,2,10,30,,
05/26/2022,Dumbbell One-Arm Row,Back,3,10,40,,
05/26/2022,Dumbbell Side Lateral Raise,Shoulders,1,10,20,,
05/26/2022,Dumbbell Side Lateral Raise,Shoulders,2,10,20,,
05/26/2022,Dumbbell Side Lateral Raise,Shoulders,3,10,20,,
05/26/2022,Dumbbell Front Raise,Shoulders,1,5,20,,
05/26/2022,Dumbbell Front Raise,Shoulders,2,5,20,,
05/26/2022,Dumbbell Front Raise,Shoulders,3,5,20,,
05/26/2022,Dumbbell Shrug,Back,1,10,30,,
05/26/2022,Dumbbell Shrug,Back,2,10,40,,
05/26/2022,Dumbbell Shrug,Back,3,12,40,,
05/26/2022,Dumbbell Shrug,Back,4,10,40,,
05/26/2022,Machine Iso Row,Back,1,10,60,,
05/26/2022,Machine Iso Row,Back,2,10,80,,
05/26/2022,Machine Iso Row,Back,2,10,60,,
05/26/2022,Machine Iso Row,Back,3,5,80,,
05/26/2022,Machine Iso Row,Back,3,5,60,,
05/30/2022,Body Weight Pull-Up,Back,1,6,,,
05/30/2022,Body Weight Pull-Up,Back,2,5,,,
05/30/2022,Body Weight Chin-Up,Biceps,1,8,,,
05/30/2022,Body Weight Chin-Up,Biceps,2,6,,,
05/30/2022,Body Weight Dips,Triceps,1,12,,,
05/30/2022,Body Weight Dips,Triceps,2,12,,,
05/30/2022,Body Weight Dips,Triceps,3,10,,,
05/30/2022,Machine Iso Row,Back,1,12,60,,
05/30/2022,Machine Iso Row,Back,2,10,80,,
05/30/2022,Machine Iso Row,Back,2,10,60,,
05/30/2022,Machine Iso Row,Back,3,8,80,,
05/30/2022,Machine Iso Row,Back,3,8,60,,
05/30/2022,Machine Iso Row,Back,4,10,60,,
05/30/2022,Dumbbell Shrug,Back,1,12,35,,
05/30/2022,Dumbbell Shrug,Back,2,12,35,,
05/30/2022,Dumbbell Shrug,Back,3,8,35,,
05/30/2022,Dumbbell One-Arm Biceps Curl,Biceps,1,5,20,,
05/30/2022,Dumbbell One-Arm Biceps Curl,Biceps,2,5,20,,
05/30/2022,Dumbbell Hammer Biceps Curl,Biceps,1,10,20,,
05/30/2022,Dumbbell Hammer Biceps Curl,Biceps,2,5,20,,
05/31/2022,Dumbbell Flat Bench Press,Chest,1,5,30,,
05/31/2022,Dumbbell Flat Bench Press,Chest,2,12,30,,
05/31/2022,Dumbbell Flat Bench Press,Chest,3,15,30,,
05/31/2022,Dumbbell Flat Bench Press,Chest,4,10,30,,
05/31/2022,Dumbbell Incline Bench Press,Chest,1,10,30,,
05/31/2022,Dumbbell Incline Bench Press,Chest,2,12,30,,
05/31/2022,Dumbbell Incline Bench Press,Chest,3,12,30,,
05/31/2022,Dumbbell Incline Bench Press,Chest,4,10,30,,
05/31/2022,Dumbbell Seated Shoulder Press,Shoulders,1,10,30,,
05/31/2022,Dumbbell Seated Shoulder Press,Shoulders,2,15,30,,
05/31/2022,Dumbbell Seated Shoulder Press,Shoulders,3,10,40,,
05/31/2022,Dumbbell Seated Shoulder Press,Shoulders,4,10,30,,
05/31/2022,Dumbbell Side Lateral Raise,Shoulders,1,17,10,,
05/31/2022,Dumbbell Side Lateral Raise,Shoulders,2,20,10,,
05/31/2022,Dumbbell Side Lateral Raise,Shoulders,3,20,10,,
05/31/2022,Dumbbell Side Lateral Raise,Shoulders,4,15,10,,
05/31/2022,Dumbbell Front Raise,Shoulders,1,15,10,,
05/31/2022,Dumbbell Front Raise,Shoulders,2,20,10,,
05/31/2022,Dumbbell Front Raise,Shoulders,3,20,10,,
05/31/2022,Dumbbell Front Raise,Shoulders,4,15,10,,
05/31/2022,Machine Butterfly,Chest,1,10,50,,
05/31/2022,Machine Butterfly,Chest,2,10,60,,
05/31/2022,Machine Butterfly,Chest,3,10,50,,
05/31/2022,Machine Butterfly,Chest,4,10,50,,
06/02/2022,Dumbbell Side Lateral Raise,Shoulders,1,10,15,,
06/02/2022,Dumbbell Side Lateral Raise,Shoulders,2,10,15,,
06/02/2022,Dumbbell Side Lateral Raise,Shoulders,3,10,15,,
06/02/2022,Dumbbell Side Lateral Raise,Shoulders,4,15,15,,
06/02/2022,Dumbbell Side Lateral Raise,Shoulders,5,10,15,,
06/02/2022,Dumbbell Front Raise,Shoulders,1,10,15,,
06/02/2022,Dumbbell Front Raise,Shoulders,2,10,15,,
06/02/2022,Dumbbell Front Raise,Shoulders,3,10,15,,
06/02/2022,Dumbbell Front Raise,Shoulders,4,15,15,,
06/02/2022,Dumbbell Front Raise,Shoulders,5,10,15,,
06/02/2022,Dumbbell Standing Arnold Press,Shoulders,1,10,15,,
06/02/2022,Dumbbell Standing Arnold Press,Shoulders,2,10,15,,
06/02/2022,Dumbbell Standing Arnold Press,Shoulders,3,10,15,,
06/02/2022,Dumbbell Standing Arnold Press,Shoulders,4,15,15,,
06/02/2022,Dumbbell Standing Arnold Press,Shoulders,5,10,15,,
06/02/2022,Dumbbell Hammer Biceps Curl,Biceps,1,10,15,,
06/02/2022,Dumbbell Hammer Biceps Curl,Biceps,2,10,15,,
06/02/2022,Dumbbell Hammer Biceps Curl,Biceps,3,10,15,,
06/02/2022,Dumbbell One-Arm Biceps Curl,Biceps,1,8,15,,
06/02/2022,Dumbbell One-Arm Biceps Curl,Biceps,2,10,15,,
06/02/2022,Body Weight Parallette Push-Up,Body Weight,1,15,,,
06/02/2022,Body Weight Parallette Push-Up,Body Weight,2,15,,,
06/02/2022,Body Weight Push-Up,Chest,1,15,,,
06/02/2022,Body Weight Push-Up,Chest,2,22,,,
06/02/2022,Body Weight Push-Up,Chest,3,18,,,
06/06/2022,Body Weight Push-Up,Chest,1,20,,,
06/06/2022,Body Weight Parallette Push-Up,Body Weight,1,10,,,
06/06/2022,Body Weight Parallette Push-Up,Body Weight,2,15,,,
06/06/2022,Body Weight Parallette Push-Up,Body Weight,3,20,,,
06/06/2022,Body Weight Parallette Close Grip Push-Up,Body Weight,1,10,,,
06/06/2022,Body Weight Parallette Close Grip Push-Up,Body Weight,2,10,,,
06/06/2022,Body Weight Parallette Straight Bar Push-Up,Body Weight,1,15,,,
06/06/2022,Body Weight Pull-Up,Back,1,6,,,
06/06/2022,Body Weight Pull-Up,Back,2,4,,,
06/06/2022,Body Weight Pull-Up,Back,3,4,,,
06/06/2022,Body Weight Chin-Up,Biceps,1,6,,,
06/06/2022,Body Weight Chin-Up,Biceps,2,6,,,
06/06/2022,Body Weight Dips,Triceps,1,10,,,
06/06/2022,Body Weight Dips,Triceps,2,10,,,
06/06/2022,Body Weight Dips,Triceps,3,5,,,
06/06/2022,Body Weight Dips,Triceps,4,10,,,
06/07/2022,Dumbbell Flat Bench Press,Chest,1,10,30,,
06/07/2022,Dumbbell Flat Bench Press,Chest,2,12,40,,
06/07/2022,Dumbbell Flat Bench Press,Chest,3,10,50,,
06/07/2022,Dumbbell Flat Bench Press,Chest,4,10,50,,
06/07/2022,Dumbbell Incline Bench Press,Chest,1,10,30,,
06/07/2022,Dumbbell Incline Bench Press,Chest,2,10,30,,
06/07/2022,Dumbbell Incline Bench Press,Chest,3,10,50,,
06/07/2022,Dumbbell Incline Bench Press,Chest,4,10,50,,
06/07/2022,Dumbbell Shrug,Back,1,20,30,,
06/07/2022,Dumbbell Shrug,Back,2,15,40,,
06/07/2022,Dumbbell Shrug,Back,3,10,50,,
06/07/2022,Dumbbell Shrug,Back,4,10,50,,
06/07/2022,Dumbbell Seated Shoulder Press,Shoulders,1,8,30,,
06/07/2022,Dumbbell Seated Shoulder Press,Shoulders,2,8,30,,
06/07/2022,Dumbbell Seated Shoulder Press,Shoulders,3,8,30,,
06/07/2022,Dumbbell Side Lateral Raise,Shoulders,1,8,15,,
06/07/2022,Dumbbell Side Lateral Raise,Shoulders,2,10,15,,
06/07/2022,Dumbbell Side Lateral Raise,Shoulders,3,10,15,,
06/07/2022,Dumbbell Front Raise,Shoulders,1,10,15,,
06/07/2022,Dumbbell Front Raise,Shoulders,2,10,15,,
06/07/2022,Dumbbell Front Raise,Shoulders,3,10,15,,
06/07/2022,Machine Butterfly,Chest,1,10,50,,
06/07/2022,Machine Butterfly,Chest,2,10,60,,
06/07/2022,Machine Butterfly,Chest,3,10,60,,
06/07/2022,Machine Butterfly,Chest,4,10,70,,
06/09/2022,Body Weight Chin-Up,Biceps,1,6,,,
06/09/2022,Body Weight Chin-Up,Biceps,2,6,,,
06/09/2022,Body Weight Chin-Up,Biceps,3,8,,,
06/09/2022,Body Weight Chin-Up,Biceps,4,6,,,
06/09/2022,Body Weight Dips,Triceps,1,10,,,
06/09/2022,Body Weight Dips,Triceps,2,10,,,
06/09/2022,Body Weight Dips,Triceps,3,10,,,
06/09/2022,Body Weight Dips,Triceps,4,10,,,
06/09/2022,Body Weight Pull-Up,Back,1,5,,,
06/09/2022,Body Weight Pull-Up,Back,2,3,,,
06/09/2022,Body Weight Pull-Up,Back,2,2,,,
06/09/2022,Dumbbell Hammer Biceps Curl,Biceps,1,15,15,,
06/09/2022,Dumbbell Hammer Biceps Curl,Biceps,2,10,15,,
06/09/2022,Dumbbell Hammer Biceps Curl,Biceps,3,10,15,,
06/09/2022,Dumbbell One-Arm Biceps Curl,Biceps,1,10,15,,
06/09/2022,Dumbbell One-Arm Biceps Curl,Biceps,2,10,15,,
06/09/2022,Dumbbell One-Arm Biceps Curl,Biceps,3,10,15,,
06/09/2022,Dumbbell Alternate Biceps Curl,Biceps,1,10,15,,
06/09/2022,Dumbbell Alternate Biceps Curl,Biceps,2,10,15,,
06/09/2022,Dumbbell Alternate Biceps Curl,Biceps,3,10,15,,
06/09/2022,Machine Lat Pull-Down,Back,1,10,60,,
06/09/2022,Machine Lat Pull-Down,Back,2,5,100,,
06/09/2022,Machine Lat Pull-Down,Back,3,5,110,,
06/09/2022,Machine Lat Pull-Down,Back,4,5,120,,
06/09/2022,Machine Lat Pull-Down,Back,5,5,130,,
06/09/2022,Machine Lat Pull-Down,Back,6,5,140,,
06/09/2022,Lying Leg Raise,Abs,1,25,,,
06/09/2022,Lying Leg Raise,Abs,2,20,,,
06/09/2022,Flutter Kicks,Abs,1,20,,,
06/09/2022,Flutter Kicks,Abs,2,20,,,
06/09/2022,Body Weight Sit-Up,Abs,1,20,,,
06/09/2022,Body Weight Sit-Up,Abs,2,10,,,
06/09/2022,Dumbbell Squat,Quadriceps,1,20,30,,
06/09/2022,Dumbbell Squat,Quadriceps,2,10,30,,
06/10/2022,Dumbbell Flat Bench Press,Chest,1,15,35,,
06/10/2022,Dumbbell Flat Bench Press,Chest,2,10,35,,
06/10/2022,Dumbbell Flat Bench Press,Chest,3,5,35,,
06/10/2022,Dumbbell Flat Bench Press,Chest,3,10,45,,
06/10/2022,Dumbbell Shrug,Back,1,10,35,,
06/10/2022,Dumbbell Shrug,Back,2,10,35,,
06/10/2022,Dumbbell Shrug,Back,3,10,40,,
06/10/2022,Dumbbell Shrug,Back,4,10,40,,
06/10/2022,Dumbbell Shrug,Back,5,10,35,,
06/10/2022,Dumbbell Standing Arnold Press,Shoulders,1,5,30,,
06/10/2022,Dumbbell Standing Arnold Press,Shoulders,2,5,30,,
06/10/2022,Dumbbell Standing Arnold Press,Shoulders,3,5,30,,
06/10/2022,Dumbbell Standing Arnold Press,Shoulders,4,5,30,,
06/10/2022,Dumbbell Standing Arnold Press,Shoulders,5,5,30,,
06/10/2022,Machine Butterfly,Chest,1,10,50,,
06/10/2022,Machine Butterfly,Chest,2,10,50,,
06/10/2022,Machine Butterfly,Chest,3,10,40,,
06/10/2022,Machine Butterfly,Chest,4,10,50,,
06/10/2022,Plate Front Raise,Shoulders,1,10,25,,
06/10/2022,Plate Front Raise,Shoulders,2,10,25,,
06/10/2022,Plate Front Raise,Shoulders,2,5,25,,
06/10/2022,Plate Front Raise,Shoulders,3,5,25,,
06/10/2022,Plate Lateral Raise,Shoulders,1,10,25,,
06/10/2022,Plate Lateral Raise,Shoulders,2,10,25,,
06/10/2022,Plate Lateral Raise,Shoulders,3,10,25,,
06/10/2022,Body Weight Pull-Up,Back,1,6,,,
06/10/2022,Body Weight Pull-Up,Back,2,5,,,
06/10/2022,Body Weight Chin-Up,Biceps,1,6,,,
06/10/2022,Body Weight Chin-Up,Biceps,2,6,,,
06/10/2022,Body Weight Dips,Triceps,1,10,,,
06/10/2022,Body Weight Dips,Triceps,2,10,,,
06/10/2022,Body Weight Dips,Triceps,3,10,,,
06/11/2022,Machine Seated Leg Curl,Glutes_Hamstrings,1,20,50,,
06/11/2022,Machine Seated Leg Curl,Glutes_Hamstrings,2,10,60,,
06/11/2022,Machine Seated Leg Curl,Glutes_Hamstrings,3,10,70,,
06/11/2022,Machine Seated Leg Curl,Glutes_Hamstrings,4,10,80,,
06/11/2022,Machine Seated Leg Curl,Glutes_Hamstrings,5,10,70,,
06/11/2022,Dumbbell Goblet Squat,Quadriceps,1,10,45,,
06/11/2022,Dumbbell Goblet Squat,Quadriceps,2,10,45,,
06/11/2022,Dumbbell Goblet Squat,Quadriceps,3,10,45,,
06/13/2022,Dumbbell Front Raise,Shoulders,1,10,15,,
06/13/2022,Dumbbell Front Raise,Shoulders,2,10,15,,
06/13/2022,Dumbbell Front Raise,Shoulders,3,10,15,,
06/13/2022,Dumbbell Front Raise,Shoulders,4,10,15,,
06/13/2022,Dumbbell Side Lateral Raise,Shoulders,1,10,15,,
06/13/2022,Dumbbell Side Lateral Raise,Shoulders,2,10,15,,
06/13/2022,Dumbbell Side Lateral Raise,Shoulders,3,10,15,,
06/13/2022,Dumbbell Side Lateral Raise,Shoulders,4,10,15,,
06/13/2022,Dumbbell Shrug,Back,1,10,45,,
06/13/2022,Dumbbell Shrug,Back,2,10,45,,
06/13/2022,Dumbbell Shrug,Back,3,10,45,,
06/13/2022,Dumbbell Shrug,Back,4,10,45,,
06/13/2022,Dumbbell Seated Shoulder Press,Shoulders,1,15,20,,
06/13/2022,Dumbbell Seated Shoulder Press,Shoulders,2,10,35,,
06/13/2022,Dumbbell Seated Shoulder Press,Shoulders,3,8,40,,
06/13/2022,Dumbbell Seated Shoulder Press,Shoulders,4,6,50,,
06/13/2022,Machine Seated Leg Curl,Glutes_Hamstrings,1,15,40,,
06/13/2022,Machine Seated Leg Curl,Glutes_Hamstrings,2,20,50,,
06/13/2022,Machine Seated Leg Curl,Glutes_Hamstrings,3,10,60,,
06/14/2022,Dumbbell Hammer Biceps Curl,Biceps,1,10,15,,
06/14/2022,Dumbbell Hammer Biceps Curl,Biceps,2,10,15,,
06/14/2022,Dumbbell Hammer Biceps Curl,Biceps,3,10,15,,
06/14/2022,Dumbbell One-Arm Biceps Curl,Biceps,1,10,15,,
06/14/2022,Dumbbell One-Arm Biceps Curl,Biceps,2,10,15,,
06/14/2022,Dumbbell One-Arm Biceps Curl,Biceps,3,10,15,,
06/14/2022,Dumbbell Alternate Biceps Curl,Biceps,1,10,15,,
06/14/2022,Dumbbell Alternate Biceps Curl,Biceps,2,10,15,,
06/14/2022,Dumbbell Alternate Biceps Curl,Biceps,3,10,15,,
06/14/2022,Dumbbell Bent Over Row,Back,1,10,30,,
06/14/2022,Dumbbell Bent Over Row,Back,2,10,30,,
06/14/2022,Dumbbell Bent Over Row,Back,3,10,30,,
06/14/2022,Dumbbell Bent Over Row,Back,4,10,30,,
06/14/2022,Body Weight Pull-Up,Back,1,8,,,
06/14/2022,Body Weight Chin-Up,Biceps,1,6,,,
06/14/2022,Body Weight Chin-Up,Biceps,2,6,,,
06/14/2022,Body Weight Dips,Triceps,1,10,,,
06/14/2022,Body Weight Dips,Triceps,2,10,,,
06/14/2022,Body Weight Dips,Triceps,3,10,,,
06/14/2022,Machine Iso Row,Back,1,12,40,,
06/14/2022,Machine Iso Row,Back,2,10,80,,
06/14/2022,Machine Iso Row,Back,3,8,60,,
06/14/2022,Machine Iso Row,Back,4,8,60,,
06/16/2022,Body Weight Chin-Up,Biceps,1,6,,,
06/16/2022,Body Weight Chin-Up,Biceps,2,6,,,
06/16/2022,Body Weight Pull-Up,Back,1,6,,,
06/16/2022,Body Weight Dips,Triceps,1,10,,,
06/16/2022,Body Weight Dips,Triceps,2,12,,,
06/16/2022,Body Weight Dips,Triceps,3,12,,,
06/16/2022,Dumbbell Shrug,Back,1,6,45,,
06/16/2022,Dumbbell Shrug,Back,2,8,45,,
06/16/2022,Dumbbell Shrug,Back,3,8,45,,
06/16/2022,Dumbbell Shrug,Back,4,8,45,,
06/16/2022,Dumbbell Shrug,Back,5,10,20,,
06/16/2022,Dumbbell Shrug,Back,6,10,20,,
06/16/2022,Dumbbell Shrug,Back,7,10,20,,
06/16/2022,Dumbbell Standing Shoulder Press,Shoulders,1,10,,,
06/16/2022,Dumbbell Standing Shoulder Press,Shoulders,2,5,,,
06/16/2022,Dumbbell Standing Shoulder Press,Shoulders,3,5,,,
06/16/2022,Dumbbell Standing Shoulder Press,Shoulders,4,5,,,
06/16/2022,Dumbbell Standing Shoulder Press,Shoulders,5,10,,,
06/16/2022,Dumbbell Front Raise,Shoulders,1,10,20,,
06/16/2022,Dumbbell Front Raise,Shoulders,2,10,20,,
06/16/2022,Dumbbell Front Raise,Shoulders,3,10,20,,
06/16/2022,Dumbbell Side Lateral Raise,Shoulders,1,10,20,,
06/16/2022,Dumbbell Side Lateral Raise,Shoulders,2,10,20,,
06/16/2022,Dumbbell Side Lateral Raise,Shoulders,3,10,20,,
06/19/2022,Cable Wide-Grip Lat Pull-Down,Back,1,10,50,,
06/19/2022,Cable Wide-Grip Lat Pull-Down,Back,2,10,80,,
06/19/2022,Cable Wide-Grip Lat Pull-Down,Back,3,8,90,,
06/19/2022,Cable Wide-Grip Lat Pull-Down,Back,4,6,100,,
06/19/2022,Cable Wide-Grip Lat Pull-Down,Back,4,4,80,,
06/19/2022,Cable Narrow-Grip Lat Pull-Down,Back,1,6,60,,
06/19/2022,Cable Narrow-Grip Lat Pull-Down,Back,2,6,80,,
06/19/2022,Cable Narrow-Grip Lat Pull-Down,Back,3,6,80,,
06/19/2022,Machine Iso Row,Back,1,10,60,,
06/19/2022,Machine Iso Row,Back,2,10,60,,
06/19/2022,Machine Iso Row,Back,3,10,80,,
06/19/2022,Machine Iso Row,Back,4,10,80,,
06/19/2022,Dumbbell Front Raise,Shoulders,1,10,15,,
06/19/2022,Dumbbell Front Raise,Shoulders,2,10,15,,
06/19/2022,Dumbbell Front Raise,Shoulders,3,10,15,,
06/19/2022,Dumbbell Front Raise,Shoulders,4,10,15,,
06/19/2022,Dumbbell Side Lateral Raise,Shoulders,1,10,15,,
06/19/2022,Dumbbell Side Lateral Raise,Shoulders,2,10,15,,
06/19/2022,Dumbbell Side Lateral Raise,Shoulders,3,10,15,,
06/19/2022,Dumbbell Side Lateral Raise,Shoulders,4,10,15,,
06/20/2022,Machine Iso Row,Back,1,10,40,,
06/20/2022,Machine Iso Row,Back,2,10,60,,
06/20/2022,Machine Iso Row,Back,3,8,80,,
06/20/2022,Machine Iso Row,Back,4,10,50,,
06/20/2022,Body Weight Chin-Up,Biceps,1,7,,,
06/20/2022,Body Weight Chin-Up,Biceps,2,6,,,
06/20/2022,Body Weight Pull-Up,Back,1,5,,,
06/20/2022,Body Weight Dips,Triceps,1,15,,,
06/20/2022,Body Weight Dips,Triceps,2,15,,,
06/20/2022,Body Weight Dips,Triceps,3,15,,,
06/20/2022,Dumbbell Front Raise,Shoulders,1,10,15,,
06/20/2022,Dumbbell Front Raise,Shoulders,2,10,15,,
06/20/2022,Dumbbell Front Raise,Shoulders,3,10,15,,
06/20/2022,Dumbbell Front Raise,Shoulders,4,10,15,,
06/20/2022,Dumbbell Side Lateral Raise,Shoulders,1,10,15,,
06/20/2022,Dumbbell Side Lateral Raise,Shoulders,2,10,15,,
06/20/2022,Dumbbell Side Lateral Raise,Shoulders,3,10,15,,
06/20/2022,Dumbbell Side Lateral Raise,Shoulders,4,10,15,,
06/20/2022,Dumbbell Shrug,Back,1,10,30,,
06/20/2022,Dumbbell Shrug,Back,2,10,30,,
06/20/2022,Dumbbell Shrug,Back,3,8,40,,
06/20/2022,Dumbbell Shrug,Back,4,8,40,,
06/21/2022,Machine Iso Row,Back,1,10,40,,
06/21/2022,Machine Iso Row,Back,2,10,50,,
06/21/2022,Machine Iso Row,Back,3,10,60,,
06/21/2022,Machine Iso Row,Back,4,10,50,,
06/21/2022,Machine Seated Leg Curl,Glutes_Hamstrings,1,10,40,,
06/21/2022,Machine Seated Leg Curl,Glutes_Hamstrings,2,10,40,,
06/21/2022,Machine Seated Leg Curl,Glutes_Hamstrings,3,10,50,,
06/21/2022,Machine Seated Leg Curl,Glutes_Hamstrings,4,10,50,,
06/21/2022,Machine Seated Leg Curl,Glutes_Hamstrings,5,8,60,,
06/21/2022,Machine Seated Leg Curl,Glutes_Hamstrings,6,10,50,,
06/21/2022,Dumbbell Shrug,Back,1,10,45,,
06/21/2022,Dumbbell Shrug,Back,2,10,45,,
06/21/2022,Dumbbell Shrug,Back,3,10,45,,
06/21/2022,Dumbbell Shrug,Back,4,10,45,,
06/21/2022,Plate Front Raise,Shoulders,1,10,25,,
06/21/2022,Plate Front Raise,Shoulders,2,10,25,,
06/21/2022,Plate Front Raise,Shoulders,3,10,25,,
06/21/2022,Plate Front Raise,Shoulders,4,10,25,,
06/21/2022,Dumbbell Goblet Squat,Quadriceps,1,10,45,,
06/21/2022,Dumbbell Goblet Squat,Quadriceps,2,10,45,,
06/23/2022,Body Weight Parallette Push-Up,Body Weight,1,15,,,
06/23/2022,Body Weight Push-Up,Chest,1,10,,,
06/23/2022,Dumbbell Flat Bench Press,Chest,1,10,30,,
06/23/2022,Dumbbell Flat Bench Press,Chest,2,10,50,,
06/23/2022,Dumbbell Flat Bench Press,Chest,3,8,50,,
06/23/2022,Dumbbell Flat Bench Press,Chest,4,10,30,,
06/23/2022,Dumbbell Incline Bench Press,Chest,1,10,35,,
06/23/2022,Dumbbell Incline Bench Press,Chest,2,8,50,,
06/23/2022,Dumbbell Incline Bench Press,Chest,3,6,50,,
06/23/2022,Dumbbell Incline Bench Press,Chest,4,10,30,,
06/23/2022,Dumbbell Seated Shoulder Press,Shoulders,1,12,30,,
06/23/2022,Dumbbell Seated Shoulder Press,Shoulders,2,10,30,,
06/23/2022,Dumbbell Seated Shoulder Press,Shoulders,3,8,30,,
06/23/2022,Dumbbell Seated Shoulder Press,Shoulders,4,8,30,,
06/23/2022,Body Weight Chin-Up,Biceps,1,10,,,
06/23/2022,Body Weight Chin-Up,Biceps,2,5,,,
06/23/2022,Body Weight Pull-Up,Back,1,5,,,
06/23/2022,Body Weight Pull-Up,Back,2,4,,,
06/23/2022,Body Weight Dips,Triceps,1,15,,,
06/23/2022,Body Weight Dips,Triceps,2,12,,,
06/23/2022,Body Weight Dips,Triceps,3,10,,,
06/23/2022,Body Weight Dips,Triceps,4,10,,,
06/23/2022,Dumbbell Shrug,Back,1,10,50,,
06/23/2022,Dumbbell Shrug,Back,2,10,50,,
06/23/2022,Dumbbell Shrug,Back,3,10,50,,
06/23/2022,Machine Butterfly,Chest,1,10,50,,
06/23/2022,Machine Butterfly,Chest,2,10,60,,
06/23/2022,Machine Butterfly,Chest,3,10,70,,
06/26/2022,Body Weight Chin-Up,Biceps,1,8,,,
06/26/2022,Body Weight Dips,Triceps,1,15,,,
06/26/2022,Dumbbell Shrug,Back,1,10,40,,
06/26/2022,Dumbbell Shrug,Back,2,10,40,,
06/26/2022,Dumbbell Shrug,Back,3,10,40,,
06/26/2022,Dumbbell Front Raise,Shoulders,1,10,15,,
06/26/2022,Dumbbell Front Raise,Shoulders,2,10,15,,
06/26/2022,Dumbbell Front Raise,Shoulders,3,10,15,,
06/26/2022,Dumbbell Front Raise,Shoulders,4,10,15,,
06/26/2022,Dumbbell Side Lateral Raise,Shoulders,1,10,15,,
06/26/2022,Dumbbell Side Lateral Raise,Shoulders,2,10,15,,
06/26/2022,Dumbbell Side Lateral Raise,Shoulders,3,10,15,,
06/26/2022,Dumbbell Side Lateral Raise,Shoulders,4,10,15,,
06/26/2022,Dumbbell Standing Shoulder Press,Shoulders,1,10,15,,
06/26/2022,Machine Chest Press,Chest,1,10,50,,
06/26/2022,Machine Chest Press,Chest,2,8,70,,
06/26/2022,Machine Chest Press,Chest,3,8,80,,
06/26/2022,Machine Chest Press,Chest,4,10,60,,
06/26/2022,Machine Chest Press,Chest,5,6,100,,
06/27/2022,,,,,,,went forgo to record
07/05/2022,Body Weight Pull-Up,Back,1,6,,,
07/05/2022,Body Weight Pull-Up,Back,2,5,,,
07/05/2022,Body Weight Chin-Up,Biceps,1,5,,,
07/05/2022,Body Weight Dips,Triceps,1,6,,,
07/05/2022,Body Weight Dips,Triceps,2,8,,,
07/05/2022,Body Weight Dips,Triceps,3,10,,,
07/05/2022,Dumbbell Side Lateral Raise,Shoulders,1,10,15,,
07/05/2022,Dumbbell Side Lateral Raise,Shoulders,2,10,15,,
07/05/2022,Dumbbell Side Lateral Raise,Shoulders,3,8,15,,
07/05/2022,Dumbbell Front Raise,Shoulders,1,8,15,,
07/05/2022,Dumbbell Front Raise,Shoulders,2,10,15,,
07/05/2022,Dumbbell Front Raise,Shoulders,3,5,15,,
07/05/2022,Dumbbell One-Arm Row,Back,1,10,30,,
07/05/2022,Dumbbell One-Arm Row,Back,2,10,30,,
07/05/2022,Machine Seated Leg Curl,Glutes_Hamstrings,1,20,50,,
07/05/2022,Machine Seated Leg Curl,Glutes_Hamstrings,2,10,50,,
07/05/2022,Machine Seated Leg Curl,Glutes_Hamstrings,3,8,50,,
07/05/2022,Machine Seated Leg Curl,Glutes_Hamstrings,4,6,50,,
07/06/2022,Body Weight Pull-Up,Back,1,6,,,
07/06/2022,Body Weight Chin-Up,Biceps,1,6,,,
07/06/2022,Body Weight Chin-Up,Biceps,2,5,,,
07/06/2022,Body Weight Dips,Triceps,1,12,,,
07/06/2022,Body Weight Dips,Triceps,2,10,,,
07/06/2022,Body Weight Dips,Triceps,3,10,,,
07/06/2022,Dumbbell Hammer Biceps Curl,Biceps,1,10,15,,
07/06/2022,Dumbbell Hammer Biceps Curl,Biceps,2,10,15,,
07/06/2022,Dumbbell Hammer Biceps Curl,Biceps,3,10,15,,
07/06/2022,Dumbbell One-Arm Biceps Curl,Biceps,1,10,15,,
07/06/2022,Dumbbell One-Arm Biceps Curl,Biceps,2,10,15,,
07/07/2022,Dumbbell Flat Bench Press,Chest,1,10,25,,
07/07/2022,Dumbbell Flat Bench Press,Chest,2,10,50,,
07/07/2022,Dumbbell Flat Bench Press,Chest,3,8,50,,
07/07/2022,Dumbbell Incline Bench Press,Chest,1,10,25,,
07/07/2022,Dumbbell Incline Bench Press,Chest,2,10,50,,
07/07/2022,Dumbbell Incline Bench Press,Chest,3,8,50,,
07/07/2022,Dumbbell Seated Shoulder Press,Shoulders,1,10,25,,
07/07/2022,Dumbbell Seated Shoulder Press,Shoulders,2,10,25,,
07/07/2022,Dumbbell Seated Shoulder Press,Shoulders,3,10,25,,
07/07/2022,Dumbbell Shrug,Back,1,10,25,,
07/07/2022,Dumbbell Shrug,Back,2,10,25,,
07/07/2022,Dumbbell Shrug,Back,3,10,25,,
07/07/2022,Dumbbell Shrug,Back,4,10,25,,
07/07/2022,Body Weight Pull-Up,Back,1,6,,,
07/07/2022,Body Weight Chin-Up,Biceps,1,6,,,
07/07/2022,Body Weight Chin-Up,Biceps,2,6,,,
07/07/2022,Body Weight Dips,Triceps,1,10,,,
07/07/2022,Body Weight Dips,Triceps,2,10,,,
07/08/2022,Body Weight Pull-Up,Back,1,6,,,
07/08/2022,Body Weight Pull-Up,Back,2,6,,,
07/08/2022,Body Weight Chin-Up,Biceps,1,6,,,
07/08/2022,Body Weight Chin-Up,Biceps,2,6,,,
07/08/2022,Body Weight Dips,Triceps,1,8,,,
07/08/2022,Body Weight Dips,Triceps,2,10,,,
07/08/2022,Body Weight Dips,Triceps,3,10,,,
07/08/2022,Body Weight Dips,Triceps,4,12,,,
07/09/2022,,#N/A,,,,,
07/15/2022,,#N/A,,,,,
07/18/2022,,#N/A,,,,,forgot to record workout
07/19/2022,Body Weight Pull-Up,Back,1,8,,,
07/19/2022,Body Weight Pull-Up,Back,2,6,,,
07/19/2022,Body Weight Chin-Up,Biceps,1,5,,,
07/19/2022,Body Weight Dips,Triceps,1,10,,,
07/19/2022,Body Weight Dips,Triceps,2,10,,,
07/19/2022,Dumbbell Flat Bench Press,Chest,1,10,30,,
07/19/2022,Dumbbell Flat Bench Press,Chest,2,8,50,,
07/19/2022,Dumbbell Flat Bench Press,Chest,3,6,50,,
07/19/2022,Dumbbell Flat Bench Press,Chest,4,8,30,,
07/19/2022,Dumbbell Incline Bench Press,Chest,1,8,30,,
07/19/2022,Dumbbell Incline Bench Press,Chest,2,8,30,,
07/19/2022,Dumbbell Incline Bench Press,Chest,3,5,30,,
07/19/2022,Dumbbell Incline Bench Press,Chest,4,5,30,,
07/19/2022,Dumbbell Seated Shoulder Press,Shoulders,1,8,30,,
07/19/2022,Dumbbell Seated Shoulder Press,Shoulders,2,8,30,,
07/19/2022,Dumbbell Seated Shoulder Press,Shoulders,3,8,30,,
07/19/2022,Dumbbell Seated Shoulder Press,Shoulders,4,8,30,,
07/19/2022,Dumbbell Front Raise,Shoulders,1,10,15,,
07/19/2022,Dumbbell Front Raise,Shoulders,2,10,15,,
07/19/2022,Dumbbell Front Raise,Shoulders,3,10,15,,
07/19/2022,Dumbbell Side Lateral Raise,Shoulders,1,10,15,,
07/19/2022,Dumbbell Side Lateral Raise,Shoulders,2,10,15,,
07/19/2022,Dumbbell Side Lateral Raise,Shoulders,3,10,15,,
07/19/2022,Machine Incline Chest Press,Chest,1,10,30,,
07/19/2022,Machine Incline Chest Press,Chest,2,8,40,,
07/19/2022,Machine Incline Chest Press,Chest,3,8,30,,
07/19/2022,Machine Butterfly,Chest,1,10,50,,
07/19/2022,Machine Butterfly,Chest,2,8,60,,
07/19/2022,Machine Butterfly,Chest,3,8,50,,
07/19/2022,Dumbbell Overhead Triceps Extension,Triceps,1,10,30,,
07/19/2022,Dumbbell Overhead Triceps Extension,Triceps,2,10,30,,
07/19/2022,Dumbbell Overhead Triceps Extension,Triceps,3,10,30,,
07/20/2022,Body Weight Pull-Up,Back,1,6,,,
07/20/2022,Body Weight Pull-Up,Back,2,5,,,
07/20/2022,Body Weight Dips,Triceps,1,10,,,
07/20/2022,Body Weight Dips,Triceps,2,10,,,
07/20/2022,Body Weight Dips,Triceps,3,10,,,
07/20/2022,Cable Wide-Grip Lat Pull-Down,Back,1,10,55,,
07/20/2022,Cable Wide-Grip Lat Pull-Down,Back,2,10,65,,
07/20/2022,Cable Wide-Grip Lat Pull-Down,Back,3,10,70,,
07/20/2022,Cable Wide-Grip Lat Pull-Down,Back,4,5,85,,
07/20/2022,Cable Wide-Grip Lat Pull-Down,Back,4,5,70,,
07/20/2022,Cable Row (Seated),Back,1,10,55,,
07/20/2022,Cable Row (Seated),Back,2,10,55,,
07/20/2022,Cable Row (Seated),Back,3,10,70,,
07/20/2022,Cable Row (Seated),Back,4,10,70,,
07/20/2022,Machine One-Arm Iso Row,Back,1,10,50,,
07/20/2022,Machine One-Arm Iso Row,Back,2,10,60,,
07/20/2022,Machine One-Arm Iso Row,Back,3,15,70,,
07/20/2022,Machine Iso Row,Back,1,20,70,,
07/20/2022,Ez Barbell Regular-Grip Biceps Curl,Biceps,1,10,30,,
07/20/2022,Ez Barbell Regular-Grip Biceps Curl,Biceps,2,10,30,,
07/20/2022,Ez Barbell Regular-Grip Biceps Curl,Biceps,3,10,30,,
07/20/2022,Dumbbell Hammer Biceps Curl,Biceps,1,10,20,,
07/20/2022,Dumbbell Hammer Biceps Curl,Biceps,2,10,20,,
07/20/2022,Dumbbell Hammer Biceps Curl,Biceps,3,10,20,,
07/20/2022,Dumbbell One-Arm Biceps Curl,Biceps,1,5,20,,
07/20/2022,Dumbbell One-Arm Biceps Curl,Biceps,2,5,20,,
07/20/2022,Dumbbell One-Arm Biceps Curl,Biceps,3,5,20,,
07/20/2022,Dumbbell Alternate Biceps Curl,Biceps,1,8,20,,
07/20/2022,Dumbbell Alternate Biceps Curl,Biceps,2,8,20,,
07/20/2022,Dumbbell Alternate Biceps Curl,Biceps,3,8,20,,
07/22/2022,Body Weight Pull-Up,Back,1,8,,,
07/22/2022,Body Weight Pull-Up,Back,2,6,,,
07/22/2022,Body Weight Pull-Up,Back,3,5,,,
07/22/2022,Body Weight Dips,Triceps,1,10,,,
07/22/2022,Body Weight Dips,Triceps,2,10,,,
07/22/2022,Dumbbell Flat Bench Press,Chest,1,10,30,,
07/22/2022,Dumbbell Flat Bench Press,Chest,2,6,40,,
07/22/2022,Dumbbell Flat Bench Press,Chest,3,5,50,,
07/22/2022,Dumbbell Flat Bench Press,Chest,4,5,50,,
07/22/2022,Dumbbell Shrug,Back,1,10,30,,
07/22/2022,Dumbbell Shrug,Back,2,10,30,,
07/22/2022,Dumbbell Shrug,Back,3,5,50,,
07/22/2022,Dumbbell Shrug,Back,3,5,50,,
07/22/2022,Dumbbell Front Raise,Shoulders,1,8,15,,
07/22/2022,Dumbbell Front Raise,Shoulders,2,10,15,,
07/22/2022,Dumbbell Front Raise,Shoulders,3,5,15,,
07/22/2022,Dumbbell Side Lateral Raise,Shoulders,1,8,15,,
07/22/2022,Dumbbell Side Lateral Raise,Shoulders,2,10,15,,
07/22/2022,Dumbbell Side Lateral Raise,Shoulders,3,10,15,,
07/22/2022,Dumbbell Incline Bench Press,Chest,1,10,30,,
07/22/2022,Dumbbell Incline Bench Press,Chest,2,10,30,,
07/22/2022,Dumbbell Incline Bench Press,Chest,3,10,30,,
07/22/2022,Dumbbell Seated Shoulder Press,Shoulders,1,10,30,,
07/22/2022,Dumbbell Seated Shoulder Press,Shoulders,2,10,30,,
07/27/2022,Body Weight Pull-Up,Back,1,6,,,
07/27/2022,Body Weight Pull-Up,Back,2,4,,,
07/27/2022,Body Weight Pull-Up,Back,3,4,,,
07/27/2022,Body Weight Dips,Triceps,1,8,,,
07/27/2022,Body Weight Dips,Triceps,2,8,,,
07/27/2022,Body Weight Dips,Triceps,3,8,,,
07/27/2022,Dumbbell Shrug,Back,1,12,40,,
07/27/2022,Dumbbell Shrug,Back,2,10,40,,
07/27/2022,Dumbbell Shrug,Back,3,10,40,,
07/27/2022,Dumbbell Shrug,Back,4,10,40,,
07/27/2022,Dumbbell Front Raise,Shoulders,1,15,15,,
07/27/2022,Dumbbell Front Raise,Shoulders,2,10,15,,
07/27/2022,Dumbbell Front Raise,Shoulders,3,10,15,,
07/27/2022,Dumbbell Front Raise,Shoulders,4,10,15,,
07/27/2022,Dumbbell Side Lateral Raise,Shoulders,1,15,15,,
07/27/2022,Dumbbell Side Lateral Raise,Shoulders,2,10,15,,
07/27/2022,Dumbbell Side Lateral Raise,Shoulders,3,10,15,,
07/27/2022,Dumbbell Side Lateral Raise,Shoulders,4,10,15,,
07/27/2022,Dumbbell Flat Bench Press,Chest,1,8,40,,
07/27/2022,Dumbbell Flat Bench Press,Chest,2,5,50,,
07/27/2022,Dumbbell Flat Bench Press,Chest,3,5,50,,
07/27/2022,Dumbbell Flat Bench Press,Chest,3,5,40,,
07/27/2022,Machine Incline Chest Press,Chest,1,10,40,,
07/27/2022,Machine Incline Chest Press,Chest,2,5,50,,
07/27/2022,Machine Incline Chest Press,Chest,3,5,50,,
07/27/2022,Machine Incline Chest Press,Chest,4,10,40,,
07/27/2022,Dumbbell Seated Shoulder Press,Shoulders,1,8,35,,
07/27/2022,Dumbbell Seated Shoulder Press,Shoulders,2,6,35,,
07/27/2022,Dumbbell Seated Shoulder Press,Shoulders,3,6,35,,
07/27/2022,Body Weight,Body Weight,,,121.1,,
08/02/2022,Machine Incline Chest Press,Chest,1,10,30,,
08/02/2022,Machine Incline Chest Press,Chest,2,8,40,,
08/02/2022,Machine Incline Chest Press,Chest,3,6,50,,
08/02/2022,Machine Incline Chest Press,Chest,4,8,40,,
08/02/2022,Dumbbell Shrug,Back,1,10,40,,
08/02/2022,Dumbbell Shrug,Back,2,10,40,,
08/02/2022,Dumbbell Shrug,Back,3,8,50,,
08/02/2022,Dumbbell Shrug,Back,4,6,40,,
08/02/2022,Dumbbell Front Raise,Shoulders,1,10,15,,
08/02/2022,Dumbbell Front Raise,Shoulders,2,8,20,,
08/02/2022,Dumbbell Front Raise,Shoulders,3,8,20,,
08/02/2022,Dumbbell Side Lateral Raise,Shoulders,1,10,15,,
08/02/2022,Dumbbell Side Lateral Raise,Shoulders,2,8,20,,
08/02/2022,Dumbbell Side Lateral Raise,Shoulders,3,8,20,,
08/02/2022,Machine Lat Pull-Down,Back,1,10,70,,
08/02/2022,Machine Lat Pull-Down,Back,2,5,70,,
08/02/2022,Machine Lat Pull-Down,Back,3,10,90,,
08/02/2022,Machine Lat Pull-Down,Back,4,10,100,,
08/02/2022,Machine Lat Pull-Down,Back,5,5,110,,
08/02/2022,Machine Iso Row,Back,1,10,50,,
08/02/2022,Machine Iso Row,Back,2,10,70,,
08/02/2022,Machine Iso Row,Back,3,10,70,,
08/04/2022,Body Weight Pull-Up,Back,1,5,,,
08/04/2022,Body Weight Dips,Triceps,1,6,,,
08/04/2022,Body Weight Dips,Triceps,2,8,,,
08/04/2022,Body Weight Chin-Up,Biceps,1,5,,,
08/04/2022,Machine Shoulder Press,Shoulders,1,10,30,,
08/04/2022,Machine Shoulder Press,Shoulders,2,12,50,,
08/04/2022,Machine Shoulder Press,Shoulders,3,8,50,,
08/04/2022,Machine Shoulder Press,Shoulders,4,6,40,,
08/04/2022,Machine Shoulder Press,Shoulders,5,8,40,,
08/04/2022,Dumbbell Front Raise,Shoulders,1,10,15,,
08/04/2022,Dumbbell Front Raise,Shoulders,2,5,20,,
08/04/2022,Dumbbell Front Raise,Shoulders,3,5,20,,
08/04/2022,Dumbbell Side Lateral Raise,Shoulders,1,10,15,,
08/04/2022,Dumbbell Side Lateral Raise,Shoulders,2,5,20,,
08/04/2022,Dumbbell Side Lateral Raise,Shoulders,3,5,20,,
08/04/2022,Dumbbell One-Arm Biceps Curl,Biceps,1,10,15,,
08/04/2022,Dumbbell One-Arm Biceps Curl,Biceps,2,10,20,,
08/04/2022,Dumbbell One-Arm Biceps Curl,Biceps,3,8,20,,
08/04/2022,Dumbbell One-Arm Biceps Curl,Biceps,1,10,15,,
08/04/2022,Dumbbell Alternate Biceps Curl,Biceps,2,10,20,,
08/04/2022,Dumbbell Alternate Biceps Curl,Biceps,3,8,20,,
08/08/2022,Body Weight Chin-Up,Biceps,1,3,,,
08/08/2022,Body Weight Chin-Up,Biceps,2,3,,,
08/08/2022,Body Weight Pull-Up,Back,1,3,,,
08/08/2022,Body Weight Pull-Up,Back,2,3,,,
08/08/2022,Body Weight Dips,Triceps,1,3,,,
08/08/2022,Body Weight Dips,Triceps,2,10,,,
08/08/2022,Body Weight Dips,Triceps,3,10,,,
08/08/2022,Body Weight Dips,Triceps,4,5,,,
08/08/2022,Machine Iso Row,Back,1,10,50,,
08/08/2022,Machine Iso Row,Back,2,8,50,,
08/08/2022,Machine Iso Row,Back,3,10,60,,
08/08/2022,Machine Iso Row,Back,4,10,60,,
08/08/2022,Machine Iso Row,Back,5,10,60,,
08/08/2022,Machine Lat Pull-Down,Back,1,8,50,,
08/08/2022,Machine Lat Pull-Down,Back,2,10,70,,
08/08/2022,Machine Lat Pull-Down,Back,3,10,80,,
08/08/2022,Machine Lat Pull-Down,Back,4,10,70,,
08/08/2022,Machine Lat Pull-Down,Back,5,8,60,,
08/08/2022,Dumbbell Shrug,Back,1,10,40,,
08/08/2022,Dumbbell Shrug,Back,2,10,40,,
08/08/2022,Dumbbell Shrug,Back,3,10,40,,
08/08/2022,Dumbbell Shrug,Back,4,10,40,,
08/08/2022,Body Weight,Body Weight,,,124.7,,
07/28/2022,Body Weight,Body Weight,,,121.1,,
08/11/2022,Body Weight,Body Weight,,,124.7,,
08/14/2022,Cable Wide-Grip Lat Pull-Down,Back,1,12,55,,
08/14/2022,Cable Wide-Grip Lat Pull-Down,Back,2,10,70,,
08/14/2022,Cable Wide-Grip Lat Pull-Down,Back,2,5,85,,
08/14/2022,Cable Wide-Grip Lat Pull-Down,Back,3,8,85,,
08/14/2022,Cable Wide-Grip Lat Pull-Down,Back,4,5,100,,
08/14/2022,Cable Wide-Grip Lat Pull-Down,Back,4,5,85,,
08/14/2022,Cable Narrow-Grip Lat Pull-Down,Back,1,10,70,,
08/14/2022,Cable Narrow-Grip Lat Pull-Down,Back,2,10,85,,
08/14/2022,Cable Narrow-Grip Lat Pull-Down,Back,3,8,55,,
08/14/2022,Smith Machine Squat,Quadriceps,1,10,25,,
08/14/2022,Smith Machine Squat,Quadriceps,2,8,35,,
08/14/2022,Smith Machine Squat,Quadriceps,3,5,45,,
08/14/2022,Smith Machine Squat,Quadriceps,4,8,35,,
08/14/2022,Smith Machine Squat,Quadriceps,5,5,35,,
08/14/2022,Dumbbell Seated Shoulder Press,Shoulders,1,10,35,,
08/14/2022,Dumbbell Seated Shoulder Press,Shoulders,2,10,35,,
08/14/2022,Dumbbell Seated Shoulder Press,Shoulders,3,10,35,,
08/14/2022,Dumbbell Shrug,Back,1,10,35,,
08/14/2022,Dumbbell Shrug,Back,2,10,35,,
08/14/2022,Dumbbell Shrug,Back,3,10,35,,
08/14/2022,Dumbbell One-Arm Row,Back,1,10,35,,
08/14/2022,Dumbbell One-Arm Row,Back,2,10,35,,
08/14/2022,Dumbbell One-Arm Row,Back,3,8,50,,
08/14/2022,Machine One-Arm Iso Row,Back,1,8,30,,
08/14/2022,Machine One-Arm Iso Row,Back,2,8,40,,
08/14/2022,Machine One-Arm Iso Row,Back,3,8,50,,
08/10/2022,Body Weight Parallette Push-Up,Body Weight,1,15,,,
08/10/2022,Body Weight Parallette Push-Up,Body Weight,2,15,,,
,,#N/A,,,,,
,,#N/A,,,,,
,,#N/A,,,,,
,,#N/A,,,,,
,,#N/A,,,,,
,,#N/A,,,,,
,,#N/A,,,,,
,,#N/A,,,,,
,,#N/A,,,,,
,,#N/A,,,,,
,,#N/A,,,,,
,,#N/A,,,,,
,,#N/A,,,,,
,,#N/A,,,,,
,,#N/A,,,,,
,,#N/A,,,,,
,,#N/A,,,,,
,,#N/A,,,,,
,,#N/A,,,,,
,,#N/A,,,,,
,,#N/A,,,,,
,,#N/A,,,,,
,,#N/A,,,,,
,,#N/A,,,,,
,,#N/A,,,,,
,,#N/A,,,,,
,,#N/A,,,,,
,,#N/A,,,,,
,,#N/A,,,,,
,,#N/A,,,,,
,,#N/A,,,,,
,,#N/A,,,,,
,,#N/A,,,,,
,,#N/A,,,,,
,,#N/A,,,,,
,,#N/A,,,,,
,,#N/A,,,,,
,,#N/A,,,,,
,,#N/A,,,,,
,,#N/A,,,,,
,,#N/A,,,,,
,,#N/A,,,,,
,,#N/A,,,,,
,,#N/A,,,,,
,,#N/A,,,,,
,,#N/A,,,,,
,,#N/A,,,,,
,,#N/A,,,,,
,,#N/A,,,,,
,,#N/A,,,,,
,,#N/A,,,,,
,,#N/A,,,,,
,,#N/A,,,,,
,,#N/A,,,,,
,,#N/A,,,,,
,,#N/A,,,,,
,,#N/A,,,,,
,,#N/A,,,,,
,,#N/A,,,,,
,,#N/A,,,,,
,,#N/A,,,,,
,,#N/A,,,,,
,,#N/A,,,,,
,,#N/A,,,,,
,,#N/A,,,,,
,,#N/A,,,,,
,,#N/A,,,,,
,,#N/A,,,,,
,,#N/A,,,,,
,,#N/A,,,,,
,,#N/A,,,,,
,,#N/A,,,,,
,,#N/A,,,,,
,,#N/A,,,,,
,,#N/A,,,,,
,,#N/A,,,,,
,,#N/A,,,,,
,,#N/A,,,,,
,,#N/A,,,,,
,,#N/A,,,,,
,,#N/A,,,,,
,,#N/A,,,,,
,,#N/A,,,,,
,,#N/A,,,,,
,,#N/A,,,,,
,,#N/A,,,,,
,,#N/A,,,,,
,,#N/A,,,,,
,,#N/A,,,,,
,,#N/A,,,,,
,,#N/A,,,,,
,,#N/A,,,,,
,,#N/A,,,,,
,,#N/A,,,,,
,,#N/A,,,,,
,,#N/A,,,,,
,,#N/A,,,,,
,,#N/A,,,,,
,,#N/A,,,,,
,,#N/A,,,,,
,,#N/A,,,,,
,,#N/A,,,,,
,,#N/A,,,,,
,,#N/A,,,,,
,,#N/A,,,,,
,,#N/A,,,,,
,,#N/A,,,,,
,,#N/A,,,,,
,,#N/A,,,,,
,,#N/A,,,,,
,,#N/A,,,,,
,,#N/A,,,,,
,,#N/A,,,,,
,,#N/A,,,,,
,,#N/A,,,,,
,,#N/A,,,,,
,,#N/A,,,,,
,,#N/A,,,,,
,,#N/A,,,,,
,,#N/A,,,,,
,,#N/A,,,,,
,,#N/A,,,,,
,,#N/A,,,,,
,,#N/A,,,,,
,,#N/A,,,,,
,,#N/A,,,,,
,,#N/A,,,,,
,,#N/A,,,,,
,,#N/A,,,,,
,,#N/A,,,,,
,,#N/A,,,,,
,,#N/A,,,,,
,,#N/A,,,,,
,,#N/A,,,,,
,,#N/A,,,,,
,,#N/A,,,,,
,,#N/A,,,,,
,,#N/A,,,,,
,,#N/A,,,,,
,,#N/A,,,,,
,,#N/A,,,,,
,,#N/A,,,,,
,,#N/A,,,,,
,,#N/A,,,,,
,,#N/A,,,,,
,,#N/A,,,,,
,,#N/A,,,,,
,,#N/A,,,,,
,,#N/A,,,,,
,,#N/A,,,,,
,,#N/A,,,,,
,,#N/A,,,,,
,,#N/A,,,,,
,,#N/A,,,,,
,,#N/A,,,,,
,,#N/A,,,,,
,,#N/A,,,,,
,,#N/A,,,,,
,,#N/A,,,,,
,,#N/A,,,,,
,,#N/A,,,,,
,,#N/A,,,,,
,,#N/A,,,,,
,,#N/A,,,,,
,,#N/A,,,,,
,,#N/A,,,,,
,,#N/A,,,,,
,,#N/A,,,,,
,,#N/A,,,,,
,,#N/A,,,,,
,,#N/A,,,,,
,,#N/A,,,,,
,,#N/A,,,,,
,,#N/A,,,,,
,,#N/A,,,,,
,,#N/A,,,,,
,,#N/A,,,,,
,,#N/A,,,,,
,,#N/A,,,,,
,,#N/A,,,,,
,,#N/A,,,,,
,,#N/A,,,,,
,,#N/A,,,,,
,,#N/A,,,,,
,,#N/A,,,,,
,,#N/A,,,,,
,,#N/A,,,,,
,,#N/A,,,,,
,,#N/A,,,,,
,,#N/A,,,,,
,,#N/A,,,,,
,,#N/A,,,,,
,,#N/A,,,,,
,,#N/A,,,,,
,,#N/A,,,,,
,,#N/A,,,,,
,,#N/A,,,,,
,,#N/A,,,,,
,,#N/A,,,,,
,,#N/A,,,,,
,,#N/A,,,,,
,,#N/A,,,,,
,,#N/A,,,,,
,,#N/A,,,,,
,,#N/A,,,,,
,,#N/A,,,,,
,,#N/A,,,,,
,,#N/A,,,,,
,,#N/A,,,,,
,,#N/A,,,,,
,,#N/A,,,,,
,,#N/A,,,,,
,,#N/A,,,,,
,,#N/A,,,,,
,,#N/A,,,,,
,,#N/A,,,,,
,,#N/A,,,,,
,,#N/A,,,,,
,,#N/A,,,,,
,,#N/A,,,,,
,,#N/A,,,,,
,,#N/A,,,,,
,,#N/A,,,,,
,,#N/A,,,,,
,,#N/A,,,,,
,,#N/A,,,,,
,,#N/A,,,,,
,,#N/A,,,,,
,,#N/A,,,,,
,,#N/A,,,,,
,,#N/A,,,,,
,,#N/A,,,,,
,,#N/A,,,,,
,,#N/A,,,,,
,,#N/A,,,,,
,,#N/A,,,,,
,,#N/A,,,,,
,,#N/A,,,,,
,,#N/A,,,,,
,,#N/A,,,,,
,,#N/A,,,,,
,,#N/A,,,,,
,,#N/A,,,,,
,,#N/A,,,,,
,,#N/A,,,,,
,,#N/A,,,,,
,,#N/A,,,,,
,,#N/A,,,,,
,,#N/A,,,,,
,,#N/A,,,,,
,,#N/A,,,,,
,,#N/A,,,,,
,,#N/A,,,,,
,,#N/A,,,,,
,,#N/A,,,,,
,,#N/A,,,,,
,,#N/A,,,,,
,,#N/A,,,,,
,,#N/A,,,,,
,,#N/A,,,,,
,,#N/A,,,,,
,,#N/A,,,,,
,,#N/A,,,,,
,,#N/A,,,,,
,,#N/A,,,,,
,,#N/A,,,,,
,,#N/A,,,,,
,,#N/A,,,,,
,,#N/A,,,,,
,,#N/A,,,,,
,,#N/A,,,,,
,,#N/A,,,,,
,,#N/A,,,,,
,,#N/A,,,,,
,,#N/A,,,,,
,,#N/A,,,,,
,,#N/A,,,,,
,,#N/A,,,,,
,,#N/A,,,,,
,,#N/A,,,,,
,,#N/A,,,,,
,,#N/A,,,,,
,,#N/A,,,,,
,,#N/A,,,,,
,,#N/A,,,,,
,,#N/A,,,,,
,,#N/A,,,,,
,,#N/A,,,,,
,,#N/A,,,,,
,,#N/A,,,,,
,,#N/A,,,,,
,,#N/A,,,,,
,,#N/A,,,,,
,,#N/A,,,,,
,,#N/A,,,,,
,,#N/A,,,,,
,,#N/A,,,,,
,,#N/A,,,,,
,,#N/A,,,,,
,,#N/A,,,,,
,,#N/A,,,,,
,,#N/A,,,,,
,,#N/A,,,,,
,,#N/A,,,,,
,,#N/A,,,,,
,,#N/A,,,,,
,,#N/A,,,,,
,,#N/A,,,,,
,,#N/A,,,,,
,,#N/A,,,,,
,,#N/A,,,,,
,,#N/A,,,,,
,,#N/A,,,,,
,,#N/A,,,,,
,,#N/A,,,,,
,,#N/A,,,,,
,,#N/A,,,,,
,,#N/A,,,,,
,,#N/A,,,,,
,,#N/A,,,,,
,,#N/A,,,,,
,,#N/A,,,,,
,,#N/A,,,,,
,,#N/A,,,,,
,,#N/A,,,,,
,,#N/A,,,,,
,,#N/A,,,,,
,,#N/A,,,,,
,,#N/A,,,,,
,,#N/A,,,,,
,,#N/A,,,,,
,,#N/A,,,,,
,,#N/A,,,,,
,,#N/A,,,,,
,,#N/A,,,,,
,,#N/A,,,,,
,,#N/A,,,,,
,,#N/A,,,,,
,,#N/A,,,,,
,,#N/A,,,,,
,,#N/A,,,,,
,,#N/A,,,,,
,,#N/A,,,,,
,,#N/A,,,,,
,,#N/A,,,,,
,,#N/A,,,,,
,,#N/A,,,,,
,,#N/A,,,,,
,,#N/A,,,,,
,,#N/A,,,,,
,,#N/A,,,,,
,,#N/A,,,,,
,,#N/A,,,,,
,,#N/A,,,,,
,,#N/A,,,,,
,,#N/A,,,,,
,,#N/A,,,,,
,,#N/A,,,,,
,,#N/A,,,,,
,,#N/A,,,,,
,,#N/A,,,,,
,,#N/A,,,,,
,,#N/A,,,,,
,,#N/A,,,,,
,,#N/A,,,,,
,,#N/A,,,,,
,,#N/A,,,,,
,,#N/A,,,,,
,,#N/A,,,,,
,,#N/A,,,,,
,,#N/A,,,,,
,,#N/A,,,,,
,,#N/A,,,,,
,,#N/A,,,,,
,,#N/A,,,,,
,,#N/A,,,,,
,,#N/A,,,,,
,,#N/A,,,,,
,,#N/A,,,,,
,,#N/A,,,,,
,,#N/A,,,,,
,,#N/A,,,,,
,,#N/A,,,,,
,,#N/A,,,,,
,,#N/A,,,,,
,,#N/A,,,,,
,,#N/A,,,,,
,,#N/A,,,,,
,,#N/A,,,,,
,,#N/A,,,,,
,,#N/A,,,,,
,,#N/A,,,,,
,,#N/A,,,,,
,,#N/A,,,,,
,,#N/A,,,,,
,,#N/A,,,,,
,,#N/A,,,,,
,,#N/A,,,,,
,,#N/A,,,,,
,,#N/A,,,,,
,,#N/A,,,,,
,,#N/A,,,,,
,,#N/A,,,,,
,,#N/A,,,,,
,,#N/A,,,,,
,,#N/A,,,,,
,,#N/A,,,,,
,,#N/A,,,,,
,,#N/A,,,,,
,,#N/A,,,,,
,,#N/A,,,,,
,,#N/A,,,,,
,,#N/A,,,,,
,,#N/A,,,,,
,,#N/A,,,,,
,,#N/A,,,,,
,,#N/A,,,,,
,,#N/A,,,,,
,,#N/A,,,,,
,,#N/A,,,,,
,,#N/A,,,,,
,,#N/A,,,,,
,,#N/A,,,,,
,,#N/A,,,,,
,,#N/A,,,,,
,,#N/A,,,,,
,,#N/A,,,,,
,,#N/A,,,,,
,,#N/A,,,,,
,,#N/A,,,,,
,,#N/A,,,,,
,,#N/A,,,,,
,,#N/A,,,,,
,,#N/A,,,,,
,,#N/A,,,,,
,,#N/A,,,,,
,,#N/A,,,,,
,,#N/A,,,,,
,,#N/A,,,,,
,,#N/A,,,,,
,,#N/A,,,,,
,,#N/A,,,,,
,,#N/A,,,,,
,,#N/A,,,,,
,,#N/A,,,,,
,,#N/A,,,,,
,,#N/A,,,,,
,,#N/A,,,,,
,,#N/A,,,,,
,,#N/A,,,,,
,,#N/A,,,,,
,,#N/A,,,,,
,,#N/A,,,,,
,,#N/A,,,,,
,,#N/A,,,,,
,,#N/A,,,,,
,,#N/A,,,,,
,,#N/A,,,,,
,,#N/A,,,,,
,,#N/A,,,,,
,,#N/A,,,,,
,,#N/A,,,,,
,,#N/A,,,,,
,,#N/A,,,,,
,,#N/A,,,,,
,,#N/A,,,,,
,,#N/A,,,,,
,,#N/A,,,,,
,,#N/A,,,,,
,,#N/A,,,,,
,,#N/A,,,,,
,,#N/A,,,,,
,,#N/A,,,,,
,,#N/A,,,,,
,,#N/A,,,,,
,,#N/A,,,,,
,,#N/A,,,,,
,,#N/A,,,,,
,,#N/A,,,,,
,,#N/A,,,,,
,,#N/A,,,,,
,,#N/A,,,,,
,,#N/A,,,,,
,,#N/A,,,,,
,,#N/A,,,,,
,,#N/A,,,,,
,,#N/A,,,,,
,,#N/A,,,,,
,,#N/A,,,,,
,,#N/A,,,,,
,,#N/A,,,,,
,,#N/A,,,,,
,,#N/A,,,,,
,,#N/A,,,,,
,,#N/A,,,,,
,,#N/A,,,,,
,,#N/A,,,,,
,,#N/A,,,,,
,,#N/A,,,,,
,,#N/A,,,,,
,,#N/A,,,,,
,,#N/A,,,,,
,,#N/A,,,,,
,,#N/A,,,,,
,,#N/A,,,,,
,,#N/A,,,,,
,,#N/A,,,,,
,,#N/A,,,,,
,,#N/A,,,,,
,,#N/A,,,,,
,,#N/A,,,,,
,,#N/A,,,,,
,,#N/A,,,,,
,,#N/A,,,,,
,,#N/A,,,,,
,,#N/A,,,,,
,,#N/A,,,,,
,,#N/A,,,,,
,,#N/A,,,,,
,,#N/A,,,,,
,,#N/A,,,,,
,,#N/A,,,,,
,,#N/A,,,,,
,,#N/A,,,,,
,,#N/A,,,,,
,,#N/A,,,,,
,,#N/A,,,,,
,,#N/A,,,,,
,,#N/A,,,,,
,,#N/A,,,,,
,,#N/A,,,,,
,,#N/A,,,,,
,,#N/A,,,,,
,,#N/A,,,,,
,,#N/A,,,,,
,,#N/A,,,,,
,,#N/A,,,,,
,,#N/A,,,,,
,,#N/A,,,,,
,,#N/A,,,,,
,,#N/A,,,,,
,,#N/A,,,,,
,,#N/A,,,,,
,,#N/A,,,,,
,,#N/A,,,,,
,,#N/A,,,,,
,,#N/A,,,,,
,,#N/A,,,,,
,,#N/A,,,,,
,,#N/A,,,,,
,,#N/A,,,,,
,,#N/A,,,,,
,,#N/A,,,,,
,,#N/A,,,,,
,,#N/A,,,,,
,,#N/A,,,,,
,,#N/A,,,,,
,,#N/A,,,,,
,,#N/A,,,,,
,,#N/A,,,,,
,,#N/A,,,,,
,,#N/A,,,,,
,,#N/A,,,,,
,,#N/A,,,,,
,,#N/A,,,,,
,,#N/A,,,,,
,,#N/A,,,,,
,,#N/A,,,,,
,,#N/A,,,,,
,,#N/A,,,,,
,,#N/A,,,,,
,,#N/A,,,,,
,,#N/A,,,,,
,,#N/A,,,,,
,,#N/A,,,,,
,,#N/A,,,,,
,,#N/A,,,,,
,,#N/A,,,,,
,,#N/A,,,,,
,,#N/A,,,,,
,,#N/A,,,,,
,,#N/A,,,,,
,,#N/A,,,,,
,,#N/A,,,,,
,,#N/A,,,,,
,,#N/A,,,,,
,,#N/A,,,,,
,,#N/A,,,,,
,,#N/A,,,,,
,,#N/A,,,,,
,,#N/A,,,,,
,,#N/A,,,,,
,,#N/A,,,,,
,,#N/A,,,,,
,,#N/A,,,,,
,,#N/A,,,,,
,,#N/A,,,,,
,,#N/A,,,,,
,,#N/A,,,,,
,,#N/A,,,,,
,,#N/A,,,,,
,,#N/A,,,,,
,,#N/A,,,,,
,,#N/A,,,,,
,,#N/A,,,,,
,,#N/A,,,,,
,,#N/A,,,,,
,,#N/A,,,,,
,,#N/A,,,,,
,,#N/A,,,,,